respondent_id,canal,fecha_hora,duracion_segundos,estado,S1 - Condujo reunión de Teams de más de 5 en el último mes,S2 - Relación con la empresa,S3 - Sector de la empresa (panel),S4 - Países con equipos (panel),Q1 - Reuniones en que se trabajó en herramienta externa,Q2 - Herramienta en la que trabajaron,Q3 - Cómo llegaron los participantes a la herramienta,Q4 - Origen y vida del tablero o documento,Q5 - Qué hizo el grupo en la herramienta,Q6 - Tiempo hasta que todos estuvieron dentro,Q7 - Participantes que no lograron entrar,Q8 - Personas de fuera de la empresa en la reunión,Q9 - Dónde quedó registrado lo decidido,Q10 - Whiteboard,Q10 - Notas de la reunión (Loop),Q10 - Apps de otras herramientas dentro de la reunión,Q10 - Resumen o asistente de IA en la reunión,Q11 - Lo más difícil para trabajar juntos y decidir,"Q12 - Cómo aportan, priorizan o deciden sin herramienta externa",D1 - País,R1 - Administra Microsoft 365 o Teams (IT),R2 - Reuniones de más de 5 que conduce por semana,R3 - Acepta conversación de 30 minutos,R4 - Contacto
R-001,email,2026-09-23 12:39,283,completa,Sí,Soy empleado o empleada de la empresa,,,En menos de la mitad,Slido o Mentimeter; Miro,Pegué (o alguien pegó) un enlace en el chat de la reunión,Se creó para esa reunión y se siguió usando después,Anotar decisiones o acuerdos; Agrupar u ordenar ideas,Entre 3 y 4 minutos,1,No,En Jira u otro gestor de tareas,La uso en algunas reuniones,No sabía que existía,No sabía que existía,"Sé que existe, nunca la usé en una reunión",,,España,No,2 o 3,No,
R-002,email,2026-09-23 12:55,231,completa,Sí,Soy empleado o empleada de la empresa,,,En menos de la mitad,Miro; Otra: Canva,Pegué (o alguien pegó) un enlace en el chat de la reunión,Se creó para esa reunión y no se volvió a usar,Votar o priorizar,Menos de 1 minuto,Ninguno,No,"En un chat fuera de Teams (Slack, WhatsApp u otro)",La uso en algunas reuniones,La uso en algunas reuniones,No sabía que existía,La uso en algunas reuniones,,,México,No,2 o 3,No,
R-003,email,2026-09-23 13:00,171,completa,Sí,Soy empleado o empleada de la empresa,,,En menos de la mitad,Jira u otro gestor de tareas,Pegué (o alguien pegó) un enlace en el chat de la reunión,Ya existía antes de la reunión y se siguió usando después,Actualizar tareas o tickets; Revisar datos o métricas y señalar algo puntual,Entre 1 y 2 minutos,Ninguno,No,No quedó registrado en ningún lado,La usé alguna vez y dejé de usarla,La uso en la mayoría de mis reuniones,"Sé que existe, nunca la usé en una reunión",La uso en algunas reuniones,,,Colombia,No,2 o 3,No,
R-004,email,2026-09-23 13:00,261,completa,Sí,Soy empleado o empleada de la empresa,,,En aproximadamente la mitad,Notion,Pegué (o alguien pegó) un enlace en el chat de la reunión,Se creó para esa reunión y no se volvió a usar,Votar o priorizar; Otro: Revisar incidentes,Entre 3 y 4 minutos,Ninguno,No,No quedó registrado en ningún lado,La usé alguna vez y dejé de usarla,La uso en algunas reuniones,La uso en algunas reuniones,"Sé que existe, nunca la usé en una reunión",,,Chile,No,2 o 3,No,
R-005,email,2026-09-23 13:11,267,completa,Sí,Soy empleado o empleada de la empresa,,,En menos de la mitad,Miro; Notion,Pegué (o alguien pegó) un enlace en el chat de la reunión,Se creó para esa reunión y no se volvió a usar,Votar o priorizar; Agrupar u ordenar ideas; Anotar decisiones o acuerdos; Editar un documento entre varios,Entre 1 y 2 minutos,Ninguno,No,"En un chat fuera de Teams (Slack, WhatsApp u otro); Otro: En OneNote",La usé alguna vez y dejé de usarla,No sabía que existía,No sabía que existía,"Sé que existe, nunca la usé en una reunión","La whiteboard de Teams no tiene para votar ni agrupar facil, por eso usamos Miro",,Argentina,No,2 o 3,No,
R-006,email,2026-09-23 13:17,233,completa,Sí,Soy empleado o empleada de la empresa,,,En menos de la mitad,Jira u otro gestor de tareas,Compartí mi pantalla y cada uno la abrió por su cuenta,No lo sé,Actualizar tareas o tickets; Revisar datos o métricas y señalar algo puntual,Entre 3 y 4 minutos,2 o 3,No,En la misma herramienta externa; En Jira u otro gestor de tareas; En un documento de actas,La usé alguna vez y dejé de usarla,"Sé que existe, nunca la usé en una reunión",No sabía que existía,La uso en algunas reuniones,Encontrar las cosas despues. El chat de la reunion se llena de links y a la semana es imposible,,Estados Unidos,No,4 o más,Sí,Cristian cristian.maldonado@example.com
R-007,email,2026-09-23 13:19,307,completa,Sí,Soy empleado o empleada de la empresa,,,En más de la mitad,Lucidspark,Pegué (o alguien pegó) un enlace en el chat de la reunión,Se creó para esa reunión y no se volvió a usar,Aportar ideas o notas; Dibujar un diagrama o flujo,Entre 1 y 2 minutos,1,No,"En Jira u otro gestor de tareas; Otro: En la transcripción, pero es de una hora",La usé alguna vez y dejé de usarla,"Sé que existe, nunca la usé en una reunión",La uso en algunas reuniones,"Sé que existe, nunca la usé en una reunión",,,Estados Unidos,No,4 o más,No,
R-008,email,2026-09-23 13:20,64,descalificada,No,,,,,,,,,,,,,,,,,,,,,,,
R-009,email,2026-09-23 13:26,192,completa,Sí,Soy empleado o empleada de la empresa,,,En ninguna,,,,,,,,,La usé alguna vez y dejé de usarla,La uso en algunas reuniones,No sabía que existía,"Sé que existe, nunca la usé en una reunión",nadie quiere ser el que decide,"por compliance no podemos usar herramientas externas con datos de clientes, asi que todo es hablado o en la pizarra de Teams cuando hace falta",Colombia,No,2 o 3,Sí,"Jimena Paz, jimena.paz@example.com"
R-010,email,2026-09-23 13:26,210,completa,Sí,Soy empleado o empleada de la empresa,,,En más de la mitad,"Confluence; Un dashboard (Grafana, Power BI, Looker u otro); Otra: ClickUp",Compartí mi pantalla y cada uno la abrió por su cuenta,Ya existía antes de la reunión y se siguió usando después,Anotar decisiones o acuerdos; Actualizar tareas o tickets; Votar o priorizar,Menos de 1 minuto,Ninguno,No,En Jira u otro gestor de tareas,La usé alguna vez y dejé de usarla,La usé alguna vez y dejé de usarla,"Sé que existe, nunca la usé en una reunión","Sé que existe, nunca la usé en una reunión",,,México,No,2 o 3,No,
R-011,email,2026-09-23 13:30,265,completa,Sí,Soy empleado o empleada de la empresa,,,En aproximadamente la mitad,FigJam,Ya la tenían abierta antes de la reunión,Se creó para esa reunión y se siguió usando después,Aportar ideas o notas; Dibujar un diagrama o flujo; Editar un documento entre varios; Agrupar u ordenar ideas,No lo sé,4 o más,No,No quedó registrado en ningún lado,La uso en algunas reuniones,No sabía que existía,La uso en algunas reuniones,"Sé que existe, nunca la usé en una reunión","Converger. Divergir es fácil, todos tiran ideas. Ordenarlas y elegir es lo que nos cuesta",,España,No,2 o 3,Sí,"Valentina Herrera, valentina.herrera@example.com"
R-012,email,2026-09-23 13:30,20,descalificada,No,,,,,,,,,,,,,,,,,,,,,,,
R-013,email,2026-09-23 13:44,284,completa,Sí,Soy empleado o empleada de la empresa,,,En menos de la mitad,"Un dashboard (Grafana, Power BI, Looker u otro); Jira u otro gestor de tareas",Compartí mi pantalla y cada uno la abrió por su cuenta,Se creó para esa reunión y se siguió usando después,Editar un documento entre varios; Anotar decisiones o acuerdos,Entre 1 y 2 minutos,Ninguno,No,"En un chat fuera de Teams (Slack, WhatsApp u otro); En Jira u otro gestor de tareas",La usé alguna vez y dejé de usarla,No sabía que existía,"Sé que existe, nunca la usé en una reunión",La uso en algunas reuniones,,,México,No,2 o 3,Sí,"Víctor Durán, victor.duran@example.com"
R-014,email,2026-09-23 14:01,14,descalificada,No,,,,,,,,,,,,,,,,,,,,,,,
R-015,email,2026-09-23 14:01,31,descalificada,No,,,,,,,,,,,,,,,,,,,,,,,
R-016,email,2026-09-23 14:09,302,completa,Sí,Soy empleado o empleada de la empresa,,,En aproximadamente la mitad,"Un dashboard (Grafana, Power BI, Looker u otro)",Pegué (o alguien pegó) un enlace en el chat de la reunión,Ya existía antes de la reunión y se siguió usando después,Actualizar tareas o tickets; Revisar datos o métricas y señalar algo puntual; Editar un documento entre varios,Entre 1 y 2 minutos,Ninguno,No,No se tomaron decisiones,La uso en la mayoría de mis reuniones,La uso en algunas reuniones,No sabía que existía,No sabía que existía,Cerrar con acuerdos claros y que alguien los mande. Hoy lo hago yo por mail,,Chile,No,0 o 1,No,
R-017,email,2026-09-23 14:10,104,completa,Sí,Soy empleado o empleada de la empresa,,,En menos de la mitad,Jira u otro gestor de tareas,Pegué (o alguien pegó) un enlace en el chat de la reunión,Ya existía antes de la reunión y se siguió usando después,Votar o priorizar; Revisar datos o métricas y señalar algo puntual; Editar un documento entre varios,Menos de 1 minuto,Ninguno,No,"En un chat fuera de Teams (Slack, WhatsApp u otro); En el chat o las notas de la reunión de Teams; En Jira u otro gestor de tareas","Sé que existe, nunca la usé en una reunión",La usé alguna vez y dejé de usarla,No sabía que existía,"Sé que existe, nunca la usé en una reunión",,,Colombia,No,4 o más,No,
R-018,email,2026-09-23 14:31,96,completa,Sí,Soy empleado o empleada de la empresa,,,En ninguna,,,,,,,,,La usé alguna vez y dejé de usarla,La uso en la mayoría de mis reuniones,No sabía que existía,"Sé que existe, nunca la usé en una reunión",,Mando una propuesta por mail antes y en la reunión solo se confirma,España,No,0 o 1,Sí,"Raúl Ortega, raul.ortega@example.com"
R-019,email,2026-09-23 14:39,237,completa,Sí,Soy empleado o empleada de la empresa,,,En aproximadamente la mitad,Miro,Pegué (o alguien pegó) un enlace en el chat de la reunión,Se creó para esa reunión y se siguió usando después,Aportar ideas o notas; Agrupar u ordenar ideas,Entre 3 y 4 minutos,Ninguno,No,"En un chat fuera de Teams (Slack, WhatsApp u otro); En el chat o las notas de la reunión de Teams",La usé alguna vez y dejé de usarla,La uso en algunas reuniones,La usé alguna vez y dejé de usarla,"Sé que existe, nunca la usé en una reunión",,,Colombia,No,2 o 3,Sí,"Brenda Solís, brenda.solis@example.com"
R-020,email,2026-09-23 14:43,244,completa,Sí,Soy empleado o empleada de la empresa,,,En ninguna,,,,,,,,,"Sé que existe, nunca la usé en una reunión",La usé alguna vez y dejé de usarla,La uso en algunas reuniones,"Sé que existe, nunca la usé en una reunión",Que el que tiene la pantalla no sea el dueño de la conversación,,Colombia,No,4 o más,No,
R-021,email,2026-09-23 14:44,271,completa,Sí,Soy empleado o empleada de la empresa,,,En más de la mitad,Jira u otro gestor de tareas,Compartí mi pantalla y cada uno la abrió por su cuenta,Ya existía antes de la reunión y se siguió usando después,Revisar datos o métricas y señalar algo puntual; Editar un documento entre varios,Menos de 1 minuto,Ninguno,No,En un documento de actas,La usé alguna vez y dejé de usarla,No sabía que existía,La uso en la mayoría de mis reuniones,"Sé que existe, nunca la usé en una reunión",,,Argentina,No,2 o 3,No,
R-022,email,2026-09-23 14:58,273,completa,Sí,Soy empleado o empleada de la empresa,,,En menos de la mitad,Miro,Pegué (o alguien pegó) un enlace en el chat de la reunión,Se creó para esa reunión y se siguió usando después,Aportar ideas o notas,Entre 5 y 9 minutos,1,No,En Jira u otro gestor de tareas,La usé alguna vez y dejé de usarla,La uso en algunas reuniones,No sabía que existía,"Sé que existe, nunca la usé en una reunión","Lo más difícil no es decidir, es que después se haga lo que se decidió. Dos semanas después cada uno se acuerda distinto",,Argentina,No,2 o 3,No,
R-023,email,2026-09-23 14:58,196,completa,Sí,Soy empleado o empleada de la empresa,,,En menos de la mitad,"Google Docs, Sheets o Slides; Confluence",Ya la tenían abierta antes de la reunión,Ya existía antes de la reunión y se siguió usando después,Revisar datos o métricas y señalar algo puntual; Anotar decisiones o acuerdos; Aportar ideas o notas,No lo sé,2 o 3,No,En un correo; En un documento de actas,La uso en la mayoría de mis reuniones,No sabía que existía,La usé alguna vez y dejé de usarla,"Sé que existe, nunca la usé en una reunión",,,Argentina,No,2 o 3,No,
R-024,email,2026-09-23 15:02,301,completa,Sí,Soy empleado o empleada de la empresa,,,En menos de la mitad,FigJam,Pegué (o alguien pegó) un enlace en el chat de la reunión,Se creó para esa reunión y no se volvió a usar,Aportar ideas o notas; Dibujar un diagrama o flujo; Votar o priorizar,Entre 5 y 9 minutos,1,No,No quedó registrado en ningún lado,"Sé que existe, nunca la usé en una reunión",No sabía que existía,No sabía que existía,La uso en algunas reuniones,Después de la planning me paso casi una hora pasando lo del FigJam a Jira. Y hay gente que nunca entra al tablero,,Colombia,No,2 o 3,Sí,valeria.castro@example.com
R-025,email,2026-09-23 15:19,170,completa,Sí,Soy empleado o empleada de la empresa,,,En aproximadamente la mitad,Mural; Miro,La abrí como app dentro de la reunión de Teams,Se creó para esa reunión y se siguió usando después,Votar o priorizar,10 minutos o más,2 o 3,No,"En el chat o las notas de la reunión de Teams; En Jira u otro gestor de tareas; Otro: En el resumen de IA, que nadie leyó","Sé que existe, nunca la usé en una reunión","Sé que existe, nunca la usé en una reunión",No sabía que existía,"Sé que existe, nunca la usé en una reunión",,,Colombia,No,2 o 3,No,
R-026,email,2026-09-23 15:37,235,completa,Sí,Soy empleado o empleada de la empresa,,,En menos de la mitad,Jira u otro gestor de tareas,Ya la tenían abierta antes de la reunión,Ya existía antes de la reunión y se siguió usando después,Editar un documento entre varios; Actualizar tareas o tickets; Aportar ideas o notas,Entre 3 y 4 minutos,Ninguno,"Sí, 1",No quedó registrado en ningún lado,La uso en algunas reuniones,"Sé que existe, nunca la usé en una reunión",La uso en algunas reuniones,"Sé que existe, nunca la usé en una reunión",,,Colombia,No,4 o más,No,
R-027,email,2026-09-23 15:57,234,completa,Sí,Soy empleado o empleada de la empresa,,,En todas,"Google Docs, Sheets o Slides; Jira u otro gestor de tareas",Pegué (o alguien pegó) un enlace en el chat de la reunión,Ya existía antes de la reunión y se siguió usando después,Actualizar tareas o tickets; Revisar datos o métricas y señalar algo puntual; Votar o priorizar,Entre 1 y 2 minutos,2 o 3,No,En un documento de actas; Otro: En el recap de Teams Premium,La uso en algunas reuniones,No sabía que existía,La uso en algunas reuniones,La uso en algunas reuniones,La mitad tiene la camara apagada y no se si estan de acuerdo o no,,Chile,No,2 o 3,No,
R-028,email,2026-09-23 16:03,215,completa,Sí,Soy empleado o empleada de la empresa,,,En ninguna,,,,,,,,,La usé alguna vez y dejé de usarla,La uso en algunas reuniones,No sabía que existía,"Sé que existe, nunca la usé en una reunión",,Levantan la mano y cuento,Argentina,No,4 o más,No,
R-029,email,2026-09-23 16:10,305,completa,Sí,Soy empleado o empleada de la empresa,,,En menos de la mitad,Miro,Pegué (o alguien pegó) un enlace en el chat de la reunión,Se creó para esa reunión y no se volvió a usar,Aportar ideas o notas,Entre 3 y 4 minutos,No lo sé,No,En el chat o las notas de la reunión de Teams,La usé alguna vez y dejé de usarla,La uso en algunas reuniones,No sabía que existía,La usé alguna vez y dejé de usarla,,,Estados Unidos,No,4 o más,No,
R-030,email,2026-09-23 16:10,76,completa,Sí,Soy empleado o empleada de la empresa,,,En más de la mitad,Jira u otro gestor de tareas; Confluence,Compartí mi pantalla y cada uno la abrió por su cuenta,Ya existía antes de la reunión y se siguió usando después,Revisar datos o métricas y señalar algo puntual; Anotar decisiones o acuerdos,10 minutos o más,1,"Sí, 1",En el chat o las notas de la reunión de Teams,La usé alguna vez y dejé de usarla,La uso en algunas reuniones,No sabía que existía,La uso en la mayoría de mis reuniones,,,México,No,4 o más,No,
R-031,email,2026-09-23 16:25,340,completa,Sí,Soy empleado o empleada de la empresa,,,En aproximadamente la mitad,Mural,Pegué (o alguien pegó) un enlace en el chat de la reunión,Se creó para esa reunión y se siguió usando después,Aportar ideas o notas,Entre 5 y 9 minutos,Ninguno,"Sí, 2 o más",No quedó registrado en ningún lado,La usé alguna vez y dejé de usarla,La uso en la mayoría de mis reuniones,No sabía que existía,La usé alguna vez y dejé de usarla,Buscar el material de la reunión pasada me lleva más que la reunión,,México,No,4 o más,Sí,Verónica veronica.fuentes@example.com
R-032,email,2026-09-23 16:26,204,completa,Sí,Soy empleado o empleada de la empresa,,,En aproximadamente la mitad,Jira u otro gestor de tareas,Pegué (o alguien pegó) un enlace en el chat de la reunión,Ya existía antes de la reunión y se siguió usando después,Aportar ideas o notas,Menos de 1 minuto,2 o 3,No,No se tomaron decisiones,"Sé que existe, nunca la usé en una reunión",No sabía que existía,"Sé que existe, nunca la usé en una reunión",La uso en la mayoría de mis reuniones,,,Otro: Brasil,No,2 o 3,No,
R-033,email,2026-09-23 16:34,274,completa,Sí,Soy empleado o empleada de la empresa,,,En aproximadamente la mitad,Miro,Pegué (o alguien pegó) un enlace en el chat de la reunión,Se creó para esa reunión y se siguió usando después,Votar o priorizar; Anotar decisiones o acuerdos,Entre 1 y 2 minutos,1,No,En un documento de actas; En Jira u otro gestor de tareas; Otro: En la grabación y en la memoria de cada uno,La usé alguna vez y dejé de usarla,La uso en algunas reuniones,"Sé que existe, nunca la usé en una reunión","Sé que existe, nunca la usé en una reunión",Lo nativo de Teams está pero cuesta encontrarlo y cuando lo encuentras le falta algo,,Colombia,No,4 o más,No,
R-034,email,2026-09-23 16:35,235,completa,Sí,Soy empleado o empleada de la empresa,,,En menos de la mitad,"FigJam; Slido o Mentimeter; Google Docs, Sheets o Slides",Pegué (o alguien pegó) un enlace en el chat de la reunión,Se creó para esa reunión y no se volvió a usar,Agrupar u ordenar ideas; Aportar ideas o notas; Votar o priorizar,10 minutos o más,2 o 3,No,"En un chat fuera de Teams (Slack, WhatsApp u otro); En la misma herramienta externa",La uso en algunas reuniones,La usé alguna vez y dejé de usarla,No sabía que existía,"Sé que existe, nunca la usé en una reunión","Tenemos gente en España y en Mexico, la reunión siempre le cae mal a alguien",,Otro: Brasil,No,4 o más,No,
R-035,email,2026-09-23 16:36,264,completa,Sí,Soy empleado o empleada de la empresa,,,En todas,Jira u otro gestor de tareas,Ya la tenían abierta antes de la reunión,Ya existía antes de la reunión y se siguió usando después,Votar o priorizar; Editar un documento entre varios,Entre 3 y 4 minutos,2 o 3,No,No quedó registrado en ningún lado,La uso en la mayoría de mis reuniones,La uso en la mayoría de mis reuniones,No sabía que existía,La usé alguna vez y dejé de usarla,Que se conecten a tiempo,,Estados Unidos,No,4 o más,No,
R-036,email,2026-09-23 16:41,312,completa,Sí,Soy empleado o empleada de la empresa,,,En aproximadamente la mitad,"Un dashboard (Grafana, Power BI, Looker u otro)",Pegué (o alguien pegó) un enlace en el chat de la reunión,Ya existía antes de la reunión y se siguió usando después,Revisar datos o métricas y señalar algo puntual; Anotar decisiones o acuerdos,Entre 1 y 2 minutos,Ninguno,No,En un correo,No sabía que existía,"Sé que existe, nunca la usé en una reunión",No sabía que existía,La uso en algunas reuniones,Que todos miren lo mismo. Cada uno abre el dashboard con su filtro y estamos hablando de numeros distintos,,Perú,No,2 o 3,Sí,"Diego Paredes, diego.paredes@example.com"
R-037,email,2026-09-23 16:44,108,completa,Sí,Soy empleado o empleada de la empresa,,,En más de la mitad,"Google Docs, Sheets o Slides; Jira u otro gestor de tareas; Otra: Excel en SharePoint",Ya la tenían abierta antes de la reunión,No lo sé,Editar un documento entre varios; Actualizar tareas o tickets,Menos de 1 minuto,Ninguno,No,"En un chat fuera de Teams (Slack, WhatsApp u otro); En un correo; Otro: En el recap. No distinguía lo decidido de lo conversado",No sabía que existía,No sabía que existía,"Sé que existe, nunca la usé en una reunión","Sé que existe, nunca la usé en una reunión",llegar a una decision sin que se vaya la hora,,Estados Unidos,No,4 o más,No,
R-038,email,2026-09-23 16:55,355,completa,Sí,Soy empleado o empleada de la empresa,,,En aproximadamente la mitad,Miro; Mural,La abrí como app dentro de la reunión de Teams,Se creó para esa reunión y no se volvió a usar,Votar o priorizar; Aportar ideas o notas; Anotar decisiones o acuerdos,Entre 3 y 4 minutos,1,No,No se tomaron decisiones,La usé alguna vez y dejé de usarla,No sabía que existía,"Sé que existe, nunca la usé en una reunión",La usé alguna vez y dejé de usarla,,,México,No,2 o 3,Sí,"Emilio Soto, emilio.soto@example.com"
R-039,email,2026-09-23 16:58,213,completa,Sí,Soy empleado o empleada de la empresa,,,En menos de la mitad,Notion,Ya la tenían abierta antes de la reunión,Ya existía antes de la reunión y se siguió usando después,Votar o priorizar; Revisar datos o métricas y señalar algo puntual,Entre 3 y 4 minutos,No lo sé,No,No se tomaron decisiones,La uso en la mayoría de mis reuniones,La uso en la mayoría de mis reuniones,La uso en algunas reuniones,"Sé que existe, nunca la usé en una reunión",,,Otro: Ecuador,No,2 o 3,No,
R-040,email,2026-09-23 16:58,268,completa,Sí,Soy empleado o empleada de la empresa,,,En todas,"Google Docs, Sheets o Slides",Compartí mi pantalla y cada uno la abrió por su cuenta,Se creó para esa reunión y no se volvió a usar,Aportar ideas o notas; Votar o priorizar; Anotar decisiones o acuerdos,Entre 3 y 4 minutos,1,No,No se tomaron decisiones,La usé alguna vez y dejé de usarla,No sabía que existía,"Sé que existe, nunca la usé en una reunión",La uso en la mayoría de mis reuniones,No sabia que Teams tenia notas de reunion hasta que alguien las abrio de casualidad. Estaban ahi y nadie las usaba,,Estados Unidos,No,0 o 1,No,
R-041,email,2026-09-23 17:05,114,completa,Sí,Soy empleado o empleada de la empresa,,,En aproximadamente la mitad,"Google Docs, Sheets o Slides; Jira u otro gestor de tareas",Compartí mi pantalla y cada uno la abrió por su cuenta,Se creó para esa reunión y no se volvió a usar,Actualizar tareas o tickets; Revisar datos o métricas y señalar algo puntual; Editar un documento entre varios; Votar o priorizar,No lo sé,2 o 3,No,En el chat o las notas de la reunión de Teams; En un documento de actas,La usé alguna vez y dejé de usarla,No sabía que existía,La uso en algunas reuniones,"Sé que existe, nunca la usé en una reunión",,,Colombia,No,4 o más,No,
R-042,email,2026-09-23 17:15,217,completa,Sí,Soy empleado o empleada de la empresa,,,En menos de la mitad,Confluence,Ya la tenían abierta antes de la reunión,Ya existía antes de la reunión y se siguió usando después,Anotar decisiones o acuerdos; Revisar datos o métricas y señalar algo puntual; Votar o priorizar,Entre 5 y 9 minutos,1,"Sí, 1",En un correo; Otro: En el acta que armé con ayuda de Copilot,La uso en algunas reuniones,La uso en algunas reuniones,No sabía que existía,"Sé que existe, nunca la usé en una reunión",Que se muevan entre la reunión y el documento sin perderse,,Colombia,No,2 o 3,Sí,"Silvia Montes, silvia.montes@example.com"
R-043,email,2026-09-23 17:17,133,completa,Sí,Soy empleado o empleada de la empresa,,,En menos de la mitad,Confluence; Jira u otro gestor de tareas,Pegué (o alguien pegó) un enlace en el chat de la reunión,Ya existía antes de la reunión y se siguió usando después,Anotar decisiones o acuerdos; Actualizar tareas o tickets; Editar un documento entre varios; Revisar datos o métricas y señalar algo puntual,Entre 1 y 2 minutos,No lo sé,No,No se tomaron decisiones,No sabía que existía,La usé alguna vez y dejé de usarla,La uso en algunas reuniones,No sabía que existía,,,Colombia,No,4 o más,No,
R-044,email,2026-09-23 17:34,33,descalificada,No,,,,,,,,,,,,,,,,,,,,,,,
R-045,email,2026-09-23 17:42,47,descalificada,Sí,Otra,,,,,,,,,,,,,,,,,,,,,,
R-046,email,2026-09-23 17:46,103,completa,Sí,Soy empleado o empleada de la empresa,,,En ninguna,,,,,,,,,La usé alguna vez y dejé de usarla,"Sé que existe, nunca la usé en una reunión",No sabía que existía,La uso en algunas reuniones,Si no lo anoto yo no lo anota nadie,Comparto pantalla del excel y voy escribiendo lo que me dicen. A veces es un lio saber a que fila se refieren,Argentina,No,2 o 3,Sí,"Mateo Gómez, mateo.gomez@example.com"
R-047,email,2026-09-23 17:47,257,completa,Sí,Soy empleado o empleada de la empresa,,,En menos de la mitad,"Jira u otro gestor de tareas; Google Docs, Sheets o Slides",Pegué (o alguien pegó) un enlace en el chat de la reunión,Ya existía antes de la reunión y se siguió usando después,Editar un documento entre varios,Entre 1 y 2 minutos,Ninguno,No,No quedó registrado en ningún lado,La usé alguna vez y dejé de usarla,La uso en la mayoría de mis reuniones,No sabía que existía,La uso en la mayoría de mis reuniones,Que el que no vino se entere de lo que se decidió sin tener que ver una hora de video,,España,No,0 o 1,Sí,julieta.campos@example.com
R-048,email,2026-09-23 17:53,220,completa,Sí,Soy empleado o empleada de la empresa,,,En menos de la mitad,Miro; Notion,Pegué (o alguien pegó) un enlace en el chat de la reunión,Se creó para esa reunión y se siguió usando después,Agrupar u ordenar ideas; Aportar ideas o notas; Votar o priorizar,Entre 5 y 9 minutos,4 o más,"Sí, 1","En el chat o las notas de la reunión de Teams; Otro: En el resumen de Copilot, que después pegamos en el canal",La uso en algunas reuniones,La uso en algunas reuniones,"Sé que existe, nunca la usé en una reunión","Sé que existe, nunca la usé en una reunión",,,México,No,2 o 3,No,
R-049,email,2026-09-23 18:00,271,completa,Sí,Soy empleado o empleada de la empresa,,,En ninguna,,,,,,,,,La usé alguna vez y dejé de usarla,La usé alguna vez y dejé de usarla,"Sé que existe, nunca la usé en una reunión",La uso en algunas reuniones,"Que hablen los mismos de siempre. Hay 12 personas y opinan 3, el resto escucha o esta en otra cosa",Encuesta de Forms en el chat cuando hay que votar algo,Argentina,Sí,4 o más,No,
R-050,panel,2026-09-23 18:19,209,completa,Sí,Soy empleado o empleada de la empresa,Tecnología o software,3 o más,En ninguna,,,,,,,,,La uso en algunas reuniones,La uso en algunas reuniones,La uso en algunas reuniones,No sabía que existía,Que lo decidido quede escrito en algún lado. Casi siempre soy yo el que despues arma el resumen y me lleva media hora,Con la presentacion compartida y comentarios en voz alta,Otro: Brasil,No,2 o 3,No,
R-051,panel,2026-09-23 18:23,180,completa,Sí,Soy empleado o empleada de la empresa,Tecnología o software,3 o más,En menos de la mitad,Miro,Compartí mi pantalla y cada uno la abrió por su cuenta,Se creó para esa reunión y se siguió usando después,Aportar ideas o notas; Votar o priorizar,Entre 5 y 9 minutos,No lo sé,No,No quedó registrado en ningún lado,La usé alguna vez y dejé de usarla,La usé alguna vez y dejé de usarla,La uso en algunas reuniones,La usé alguna vez y dejé de usarla,,,México,No,0 o 1,No,
R-052,panel,2026-09-23 18:30,62,parcial,Sí,Soy empleado o empleada de la empresa,Tecnología o software,3 o más,En menos de la mitad,"Un dashboard (Grafana, Power BI, Looker u otro)",Pegué (o alguien pegó) un enlace en el chat de la reunión,Ya existía antes de la reunión y se siguió usando después,,,,,,,,,,,,,,,,
R-053,panel,2026-09-23 18:31,249,completa,Sí,Soy empleado o empleada de la empresa,Tecnología o software,3 o más,En menos de la mitad,Lucidspark,Pegué (o alguien pegó) un enlace en el chat de la reunión,Ya existía antes de la reunión y se siguió usando después,Dibujar un diagrama o flujo; Votar o priorizar; Editar un documento entre varios,Entre 5 y 9 minutos,Ninguno,No,No quedó registrado en ningún lado,"Sé que existe, nunca la usé en una reunión",No sabía que existía,La uso en algunas reuniones,La usé alguna vez y dejé de usarla,Votar. Usamos reacciones en el chat pero nadie sabe cuántos votaron ni qué ganó,,Argentina,No,2 o 3,No,
R-054,panel,2026-09-23 18:32,51,descalificada,Sí,Soy empleado o empleada de la empresa,Servicios financieros,,,,,,,,,,,,,,,,,,,,,
R-055,panel,2026-09-23 18:33,241,completa,Sí,Soy empleado o empleada de la empresa,Tecnología o software,3 o más,En ninguna,,,,,,,,,"Sé que existe, nunca la usé en una reunión","Sé que existe, nunca la usé en una reunión","Sé que existe, nunca la usé en una reunión","Sé que existe, nunca la usé en una reunión",Hacer que el grupo llegue a algo concreto y no a una lista de ideas,,Estados Unidos,No,2 o 3,No,
R-056,panel,2026-09-23 18:34,289,completa,Sí,Soy empleado o empleada de la empresa,Tecnología o software,3 o más,En más de la mitad,Miro,Pegué (o alguien pegó) un enlace en el chat de la reunión,Se creó para esa reunión y se siguió usando después,Dibujar un diagrama o flujo; Aportar ideas o notas; Agrupar u ordenar ideas; Votar o priorizar; Otro: Revisar incidentes,Entre 5 y 9 minutos,2 o 3,"Sí, 1",En Jira u otro gestor de tareas; Otro: En el resumen de Copilot de la reunión,La usé alguna vez y dejé de usarla,"Sé que existe, nunca la usé en una reunión","Sé que existe, nunca la usé en una reunión",La uso en algunas reuniones,La pizarra de teams se ve mal en pantallas chicas y mover las notas es un sufrimiento,,México,No,4 o más,No,
R-057,panel,2026-09-23 18:41,79,completa,Sí,Soy empleado o empleada de la empresa,Tecnología o software,3 o más,En todas,"Un dashboard (Grafana, Power BI, Looker u otro)",Pegué (o alguien pegó) un enlace en el chat de la reunión,Ya existía antes de la reunión y se siguió usando después,Actualizar tareas o tickets,Entre 1 y 2 minutos,Ninguno,No,En la misma herramienta externa,La uso en algunas reuniones,No sabía que existía,No sabía que existía,No sabía que existía,,,México,No,2 o 3,Sí,florencia.medina@example.com
R-058,panel,2026-09-23 18:47,28,descalificada,No,,,,,,,,,,,,,,,,,,,,,,,
R-059,panel,2026-09-24 08:01,64,descalificada,Sí,Soy empleado o empleada de la empresa,Tecnología o software,1,,,,,,,,,,,,,,,,,,,,
R-060,panel,2026-09-24 08:02,66,descalificada,Sí,Soy empleado o empleada de la empresa,Otro,,,,,,,,,,,,,,,,,,,,,
R-061,panel,2026-09-24 08:05,332,completa,Sí,Soy empleado o empleada de la empresa,Tecnología o software,3 o más,En más de la mitad,"Un dashboard (Grafana, Power BI, Looker u otro); Confluence; Jira u otro gestor de tareas",La abrí como app dentro de la reunión de Teams,No lo sé,Votar o priorizar; Dibujar un diagrama o flujo,Entre 5 y 9 minutos,2 o 3,No,En un documento de actas; Otro: Resumen automatico de la reunion,La uso en algunas reuniones,"Sé que existe, nunca la usé en una reunión",No sabía que existía,La uso en la mayoría de mis reuniones,,,Argentina,No,0 o 1,No,
R-062,panel,2026-09-24 08:22,189,completa,Sí,Soy empleado o empleada de la empresa,Tecnología o software,3 o más,En más de la mitad,FigJam; Miro; Notion,Pegué (o alguien pegó) un enlace en el chat de la reunión,No lo sé,Aportar ideas o notas,Entre 1 y 2 minutos,No lo sé,No,"En un chat fuera de Teams (Slack, WhatsApp u otro); En Jira u otro gestor de tareas",La uso en algunas reuniones,La usé alguna vez y dejé de usarla,La uso en algunas reuniones,La uso en algunas reuniones,,,Perú,No,2 o 3,No,
R-063,panel,2026-09-24 08:37,455,completa,Sí,Soy empleado o empleada de la empresa,Tecnología o software,3 o más,En más de la mitad,"Un dashboard (Grafana, Power BI, Looker u otro)",Ya la tenían abierta antes de la reunión,Ya existía antes de la reunión y se siguió usando después,Votar o priorizar; Anotar decisiones o acuerdos,10 minutos o más,2 o 3,No,No quedó registrado en ningún lado,La usé alguna vez y dejé de usarla,"Sé que existe, nunca la usé en una reunión",No sabía que existía,"Sé que existe, nunca la usé en una reunión",Que se respete el tiempo. Arrancamos con agenda y a los 20 min estamos en otro tema,,México,No,2 o 3,No,
R-064,panel,2026-09-24 08:37,286,completa,Sí,Soy empleado o empleada de la empresa,Tecnología o software,3 o más,En aproximadamente la mitad,"FigJam; Google Docs, Sheets o Slides",Ya la tenían abierta antes de la reunión,Se creó para esa reunión y se siguió usando después,Votar o priorizar,Entre 3 y 4 minutos,1,"Sí, 2 o más",En Jira u otro gestor de tareas; Otro: En el resumen de IA y después lo copié a Confluence,La usé alguna vez y dejé de usarla,La uso en algunas reuniones,La usé alguna vez y dejé de usarla,"Sé que existe, nunca la usé en una reunión",,,España,No,2 o 3,No,
R-065,panel,2026-09-24 08:39,200,completa,Sí,Soy empleado o empleada de la empresa,Tecnología o software,3 o más,En aproximadamente la mitad,"Jira u otro gestor de tareas; Un dashboard (Grafana, Power BI, Looker u otro); Google Docs, Sheets o Slides",Ya la tenían abierta antes de la reunión,Ya existía antes de la reunión y se siguió usando después,Votar o priorizar,Entre 3 y 4 minutos,1,No,"En un chat fuera de Teams (Slack, WhatsApp u otro)",La usé alguna vez y dejé de usarla,No sabía que existía,La uso en algunas reuniones,La usé alguna vez y dejé de usarla,"Nunca se donde quedo la whiteboard de la reunion anterior, esta colgada del chat de esa reunion y si la serie cambio la perdi",,Estados Unidos,No,2 o 3,Sí,carla.munoz@example.com
R-066,panel,2026-09-24 08:41,61,descalificada,Sí,Soy empleado o empleada de la empresa,Tecnología o software,1,,,,,,,,,,,,,,,,,,,,
R-067,panel,2026-09-24 08:44,82,completa,Sí,Soy empleado o empleada de la empresa,Tecnología o software,3 o más,En más de la mitad,"Jira u otro gestor de tareas; Google Docs, Sheets o Slides",Ya la tenían abierta antes de la reunión,Ya existía antes de la reunión y se siguió usando después,Anotar decisiones o acuerdos; Revisar datos o métricas y señalar algo puntual,Menos de 1 minuto,Ninguno,No,No quedó registrado en ningún lado,La uso en algunas reuniones,La uso en algunas reuniones,"Sé que existe, nunca la usé en una reunión","Sé que existe, nunca la usé en una reunión",,,Otro: Uruguay,No,4 o más,No,
R-068,panel,2026-09-24 09:04,280,completa,Sí,Soy empleado o empleada de la empresa,Tecnología o software,3 o más,En aproximadamente la mitad,Miro,Pegué (o alguien pegó) un enlace en el chat de la reunión,Ya existía antes de la reunión y se siguió usando después,Agrupar u ordenar ideas,Menos de 1 minuto,Ninguno,No,En la misma herramienta externa,La usé alguna vez y dejé de usarla,No sabía que existía,"Sé que existe, nunca la usé en una reunión",La uso en algunas reuniones,Retomar donde quedamos. La retro de hoy tendría que arrancar de los acuerdos de la anterior y siempre tengo que ir a buscarlos,,Otro: Ecuador,No,2 o 3,No,
R-069,panel,2026-09-24 09:06,153,completa,Sí,Soy empleado o empleada de la empresa,Tecnología o software,3 o más,En ninguna,,,,,,,,,No sabía que existía,"Sé que existe, nunca la usé en una reunión",La usé alguna vez y dejé de usarla,No sabía que existía,,,España,No,4 o más,No,
R-070,panel,2026-09-24 09:08,92,completa,Sí,Soy empleado o empleada de la empresa,Tecnología o software,3 o más,En aproximadamente la mitad,Slido o Mentimeter; FigJam,Compartí mi pantalla y cada uno la abrió por su cuenta,No lo sé,Agrupar u ordenar ideas; Editar un documento entre varios,No lo sé,2 o 3,No,En un documento de actas; Otro: En el resumen que manda Teams después,La usé alguna vez y dejé de usarla,"Sé que existe, nunca la usé en una reunión","Sé que existe, nunca la usé en una reunión","Sé que existe, nunca la usé en una reunión",,,Colombia,No,2 o 3,Sí,"Clara Iglesias, clara.iglesias@example.com"
R-071,panel,2026-09-24 09:12,257,completa,Sí,Soy empleado o empleada de la empresa,Tecnología o software,3 o más,En aproximadamente la mitad,Notion; Miro,Pegué (o alguien pegó) un enlace en el chat de la reunión,Se creó para esa reunión y se siguió usando después,Agrupar u ordenar ideas; Votar o priorizar; Editar un documento entre varios; Aportar ideas o notas,Entre 1 y 2 minutos,Ninguno,No,En Jira u otro gestor de tareas; En un correo; Otro: En el resumen de copilot pero mezclado con todo lo demas,La usé alguna vez y dejé de usarla,La uso en algunas reuniones,"Sé que existe, nunca la usé en una reunión",No sabía que existía,llevar lo que se decide a tareas concretas,,Argentina,No,4 o más,No,
R-072,panel,2026-09-24 09:13,271,completa,Sí,Soy empleado o empleada de la empresa,Tecnología o software,3 o más,En más de la mitad,Confluence; Otra: Excel en SharePoint,Ya la tenían abierta antes de la reunión,Ya existía antes de la reunión y se siguió usando después,Actualizar tareas o tickets; Editar un documento entre varios; Revisar datos o métricas y señalar algo puntual,Menos de 1 minuto,1,No,En Jira u otro gestor de tareas,"Sé que existe, nunca la usé en una reunión",La usé alguna vez y dejé de usarla,No sabía que existía,"Sé que existe, nunca la usé en una reunión",Con la agencia externa perdemos 5 o 10 minutos solo en que entren al FigJam,,Argentina,No,0 o 1,Sí,"Andrea Villalobos, andrea.villalobos@example.com"
R-073,panel,2026-09-24 09:16,294,completa,Sí,Soy empleado o empleada de la empresa,Tecnología o software,3 o más,En ninguna,,,,,,,,,La uso en la mayoría de mis reuniones,La uso en algunas reuniones,La usé alguna vez y dejé de usarla,La uso en la mayoría de mis reuniones,Tomar decisiones con 10 personas es lento. Muchas veces la decisión real se toma despues en un grupo chico,Hablando. Yo tomo nota en OneNote y después lo mando,Chile,No,2 o 3,No,
R-074,panel,2026-09-24 09:31,215,completa,Sí,Soy empleado o empleada de la empresa,Tecnología o software,3 o más,En aproximadamente la mitad,"Google Docs, Sheets o Slides; Notion",Pegué (o alguien pegó) un enlace en el chat de la reunión,No lo sé,Editar un documento entre varios; Anotar decisiones o acuerdos,Entre 1 y 2 minutos,Ninguno,No,"En un chat fuera de Teams (Slack, WhatsApp u otro)","Sé que existe, nunca la usé en una reunión",La usé alguna vez y dejé de usarla,"Sé que existe, nunca la usé en una reunión",La uso en la mayoría de mis reuniones,,,España,No,2 o 3,Sí,Braulio braulio.aranda@example.com
R-075,panel,2026-09-24 09:32,306,completa,Sí,Soy empleado o empleada de la empresa,Tecnología o software,3 o más,En aproximadamente la mitad,"Google Docs, Sheets o Slides",Pegué (o alguien pegó) un enlace en el chat de la reunión,Se creó para esa reunión y se siguió usando después,Anotar decisiones o acuerdos,Entre 5 y 9 minutos,4 o más,No,En la misma herramienta externa,"Sé que existe, nunca la usé en una reunión","Sé que existe, nunca la usé en una reunión",No sabía que existía,"Sé que existe, nunca la usé en una reunión",Coordinar horarios entre 4 paises,,Estados Unidos,No,2 o 3,No,
R-076,panel,2026-09-24 09:32,183,completa,Sí,Soy empleado o empleada de la empresa,Tecnología o software,3 o más,En menos de la mitad,Confluence,Pegué (o alguien pegó) un enlace en el chat de la reunión,Se creó para esa reunión y no se volvió a usar,Editar un documento entre varios,No lo sé,2 o 3,"Sí, 1",No quedó registrado en ningún lado,"Sé que existe, nunca la usé en una reunión",La usé alguna vez y dejé de usarla,No sabía que existía,La uso en la mayoría de mis reuniones,,,Chile,No,4 o más,Sí,
R-077,panel,2026-09-24 09:37,326,completa,Sí,Soy empleado o empleada de la empresa,Tecnología o software,3 o más,En menos de la mitad,Miro; FigJam; Notion,Pegué (o alguien pegó) un enlace en el chat de la reunión,Se creó para esa reunión y se siguió usando después,Editar un documento entre varios; Dibujar un diagrama o flujo,Entre 5 y 9 minutos,No lo sé,"Sí, 1",En un documento de actas,La usé alguna vez y dejé de usarla,No sabía que existía,No sabía que existía,"Sé que existe, nunca la usé en una reunión","Demasiadas reuniones, no hay tiempo para trabajar",,México,No,4 o más,Sí,"Beatriz Serrano, beatriz.serrano@example.com"
R-078,panel,2026-09-24 09:41,242,completa,Sí,Soy empleado o empleada de la empresa,Tecnología o software,3 o más,En aproximadamente la mitad,Notion,Pegué (o alguien pegó) un enlace en el chat de la reunión,Ya existía antes de la reunión y se siguió usando después,Revisar datos o métricas y señalar algo puntual,Entre 1 y 2 minutos,Ninguno,"Sí, 2 o más",No quedó registrado en ningún lado,No sabía que existía,La usé alguna vez y dejé de usarla,La usé alguna vez y dejé de usarla,La uso en la mayoría de mis reuniones,Cuando hay que priorizar entre varias opciones cada uno defiende la suya y no tenemos una forma rapida de votar. Termino decidiendo yo y no siempre es lo ideal.,,Argentina,No,2 o 3,No,
R-079,panel,2026-09-24 09:47,304,completa,Sí,Soy empleado o empleada de la empresa,Tecnología o software,3 o más,En menos de la mitad,"Google Docs, Sheets o Slides",La abrí como app dentro de la reunión de Teams,Ya existía antes de la reunión y no se volvió a usar,Actualizar tareas o tickets,Entre 5 y 9 minutos,1,"Sí, 1",En la misma herramienta externa; Otro: En el resumen de la reunión que genera Teams,La uso en algunas reuniones,La uso en algunas reuniones,No sabía que existía,La usé alguna vez y dejé de usarla,Que los que se conectan desde el celular participen. Ven todo chiquito y no pueden hacer nada,,México,No,0 o 1,No,
R-080,panel,2026-09-24 09:47,224,completa,Sí,Soy empleado o empleada de la empresa,Tecnología o software,3 o más,En menos de la mitad,Notion,Pegué (o alguien pegó) un enlace en el chat de la reunión,Ya existía antes de la reunión y se siguió usando después,Editar un documento entre varios; Actualizar tareas o tickets,Entre 1 y 2 minutos,Ninguno,No,En Jira u otro gestor de tareas,La usé alguna vez y dejé de usarla,"Sé que existe, nunca la usé en una reunión","Sé que existe, nunca la usé en una reunión",No sabía que existía,,,Colombia,No,4 o más,No,
R-081,panel,2026-09-24 09:58,248,completa,Sí,Soy empleado o empleada de la empresa,Tecnología o software,3 o más,En aproximadamente la mitad,"Google Docs, Sheets o Slides",Pegué (o alguien pegó) un enlace en el chat de la reunión,Ya existía antes de la reunión y se siguió usando después,Actualizar tareas o tickets,No lo sé,1,No,No quedó registrado en ningún lado,La uso en algunas reuniones,"Sé que existe, nunca la usé en una reunión",La usé alguna vez y dejé de usarla,"Sé que existe, nunca la usé en una reunión",que las decisiones no queden solo en la cabeza del que las tomo,,España,Sí,4 o más,Sí,"Lucas Benavides, lucas.benavides@example.com"
R-082,panel,2026-09-24 10:01,218,completa,Sí,Soy empleado o empleada de la empresa,Tecnología o software,3 o más,En ninguna,,,,,,,,,La usé alguna vez y dejé de usarla,No sabía que existía,"Sé que existe, nunca la usé en una reunión",No sabía que existía,Que presten atención. Todos están con el correo abierto,"Reacciones en el chat para votar, y si hay empate decido yo",Estados Unidos,No,2 o 3,No,
R-083,panel,2026-09-24 10:03,92,completa,Sí,Soy empleado o empleada de la empresa,Tecnología o software,3 o más,En todas,Mural; Miro; Otra: Retrotool,Pegué (o alguien pegó) un enlace en el chat de la reunión,Se creó para esa reunión y no se volvió a usar,Agrupar u ordenar ideas; Votar o priorizar,Entre 5 y 9 minutos,1,No,"En un chat fuera de Teams (Slack, WhatsApp u otro)",La usé alguna vez y dejé de usarla,No sabía que existía,No sabía que existía,La uso en algunas reuniones,"La pizarra de Teams sirve para dibujar algo rapido pero no para una retro de verdad, faltan plantillas",,Colombia,No,2 o 3,No,
R-084,panel,2026-09-24 10:03,36,descalificada,Sí,"Soy contratista, consultor o proveedor externo",,,,,,,,,,,,,,,,,,,,,,
R-085,panel,2026-09-24 10:06,177,completa,Sí,Soy empleado o empleada de la empresa,Tecnología o software,3 o más,En ninguna,,,,,,,,,La usé alguna vez y dejé de usarla,No sabía que existía,La uso en algunas reuniones,"Sé que existe, nunca la usé en una reunión",,,Colombia,No,4 o más,Sí,"Isabella Vargas, isabella.vargas@example.com"
R-086,panel,2026-09-24 10:17,362,completa,Sí,Soy empleado o empleada de la empresa,Tecnología o software,3 o más,En más de la mitad,Confluence,Pegué (o alguien pegó) un enlace en el chat de la reunión,Ya existía antes de la reunión y se siguió usando después,Revisar datos o métricas y señalar algo puntual; Votar o priorizar; Dibujar un diagrama o flujo,Entre 3 y 4 minutos,Ninguno,No lo sé,"En un chat fuera de Teams (Slack, WhatsApp u otro); En Jira u otro gestor de tareas","Sé que existe, nunca la usé en una reunión",No sabía que existía,No sabía que existía,No sabía que existía,Cerrar. Discutimos 40 minutos y al final 'lo vemos por Slack',,México,No,2 o 3,Sí,"Laura Gil, laura.gil@example.com"
R-087,panel,2026-09-24 10:28,279,completa,Sí,Soy empleado o empleada de la empresa,Tecnología o software,3 o más,En más de la mitad,Jira u otro gestor de tareas; Confluence,Pegué (o alguien pegó) un enlace en el chat de la reunión,Ya existía antes de la reunión y se siguió usando después,Revisar datos o métricas y señalar algo puntual; Editar un documento entre varios,Entre 1 y 2 minutos,Ninguno,No,"En un chat fuera de Teams (Slack, WhatsApp u otro); En un documento de actas",La uso en algunas reuniones,La uso en algunas reuniones,La uso en algunas reuniones,La uso en algunas reuniones,,,Perú,No,0 o 1,Sí,"Catalina Toledo, catalina.toledo@example.com"
R-088,panel,2026-09-24 10:30,162,completa,Sí,Soy empleado o empleada de la empresa,Tecnología o software,3 o más,En ninguna,,,,,,,,,La uso en algunas reuniones,La uso en algunas reuniones,"Sé que existe, nunca la usé en una reunión","Sé que existe, nunca la usé en una reunión",,,Argentina,No,2 o 3,Sí,"Ana Lozano, ana.lozano@example.com"
R-089,panel,2026-09-24 10:41,245,completa,Sí,Soy empleado o empleada de la empresa,Tecnología o software,3 o más,En aproximadamente la mitad,Slido o Mentimeter; Miro,Pegué (o alguien pegó) un enlace en el chat de la reunión,Se creó para esa reunión y se siguió usando después,Agrupar u ordenar ideas; Aportar ideas o notas; Votar o priorizar,Entre 1 y 2 minutos,Ninguno,No,No quedó registrado en ningún lado,La usé alguna vez y dejé de usarla,La uso en algunas reuniones,"Sé que existe, nunca la usé en una reunión","Sé que existe, nunca la usé en una reunión",Arme una retro en la whiteboard de Teams y a la semana siguiente no la pude encontrar para continuar. Volvimos a Miro,,Colombia,No,2 o 3,Sí,"Ximena Aguilar, ximena.aguilar@example.com"
R-090,panel,2026-09-24 10:43,298,completa,Sí,Soy empleado o empleada de la empresa,Tecnología o software,3 o más,En menos de la mitad,"Google Docs, Sheets o Slides",Pegué (o alguien pegó) un enlace en el chat de la reunión,Se creó para esa reunión y se siguió usando después,Anotar decisiones o acuerdos; Votar o priorizar; Revisar datos o métricas y señalar algo puntual,Menos de 1 minuto,Ninguno,No,En la misma herramienta externa,"Sé que existe, nunca la usé en una reunión","Sé que existe, nunca la usé en una reunión",La uso en algunas reuniones,"Sé que existe, nunca la usé en una reunión","Priorizar el backlog con todos mirando la misma pantalla, uno comparte y los demas dicen 'bajala un poco' 'no, esa no'",,España,No,4 o más,Sí,"Luis Carrasco, luis.carrasco@example.com"
R-091,panel,2026-09-24 10:43,31,descalificada,Sí,Soy empleado o empleada de la empresa,Tecnología o software,1,,,,,,,,,,,,,,,,,,,,
R-092,panel,2026-09-24 10:54,26,descalificada,Sí,Soy empleado o empleada de la empresa,Comercio o retail,,,,,,,,,,,,,,,,,,,,,
R-093,panel,2026-09-24 11:02,363,completa,Sí,Soy empleado o empleada de la empresa,Tecnología o software,3 o más,En más de la mitad,"Google Docs, Sheets o Slides; Mural",Pegué (o alguien pegó) un enlace en el chat de la reunión,Se creó para esa reunión y se siguió usando después,Aportar ideas o notas; Votar o priorizar,Entre 1 y 2 minutos,1,No,No quedó registrado en ningún lado,La usé alguna vez y dejé de usarla,"Sé que existe, nunca la usé en una reunión","Sé que existe, nunca la usé en una reunión",La uso en algunas reuniones,Recuperar lo que se dijo en la reunion anterior. Empezamos siempre de cero,,Argentina,No,2 o 3,Sí,mauricio.pineda@example.com
R-094,panel,2026-09-24 11:03,145,completa,Sí,Soy empleado o empleada de la empresa,Tecnología o software,3 o más,En aproximadamente la mitad,"Jira u otro gestor de tareas; Un dashboard (Grafana, Power BI, Looker u otro)",Ya la tenían abierta antes de la reunión,Ya existía antes de la reunión y se siguió usando después,Votar o priorizar; Actualizar tareas o tickets; Revisar datos o métricas y señalar algo puntual,Entre 1 y 2 minutos,Ninguno,No,En Jira u otro gestor de tareas,No sabía que existía,"Sé que existe, nunca la usé en una reunión","Sé que existe, nunca la usé en una reunión",No sabía que existía,,,Estados Unidos,No,2 o 3,Sí,alejandro.navarro@example.com
R-095,panel,2026-09-24 11:08,55,descalificada,Sí,"Soy contratista, consultor o proveedor externo",,,,,,,,,,,,,,,,,,,,,,
R-096,panel,2026-09-24 11:44,195,completa,Sí,Soy empleado o empleada de la empresa,Tecnología o software,3 o más,En más de la mitad,Notion,Ya la tenían abierta antes de la reunión,Ya existía antes de la reunión y se siguió usando después,Revisar datos o métricas y señalar algo puntual; Editar un documento entre varios,Entre 1 y 2 minutos,Ninguno,No,En un documento de actas,"Sé que existe, nunca la usé en una reunión",No sabía que existía,No sabía que existía,La uso en la mayoría de mis reuniones,Que todos entren al tablero. Con la gente del cliente siempre hay problemas,,Colombia,No,0 o 1,No,
R-097,panel,2026-09-24 11:50,196,completa,Sí,Soy empleado o empleada de la empresa,Tecnología o software,3 o más,En más de la mitad,Miro; Slido o Mentimeter,Pegué (o alguien pegó) un enlace en el chat de la reunión,Se creó para esa reunión y se siguió usando después,Agrupar u ordenar ideas; Votar o priorizar; Anotar decisiones o acuerdos,10 minutos o más,2 o 3,No,"En un chat fuera de Teams (Slack, WhatsApp u otro); Otro: En el recap de Copilot, que resume todo pero no distingue lo decidido",La usé alguna vez y dejé de usarla,No sabía que existía,"Sé que existe, nunca la usé en una reunión",La uso en la mayoría de mis reuniones,,,España,No,4 o más,Sí,Javier javier.molina@example.com
R-098,panel,2026-09-24 11:51,236,completa,Sí,Soy empleado o empleada de la empresa,Tecnología o software,3 o más,En aproximadamente la mitad,Mural,Pegué (o alguien pegó) un enlace en el chat de la reunión,Se creó para esa reunión y se siguió usando después,Votar o priorizar; Editar un documento entre varios; Agrupar u ordenar ideas,10 minutos o más,2 o 3,No,En Jira u otro gestor de tareas; En la misma herramienta externa,"Sé que existe, nunca la usé en una reunión","Sé que existe, nunca la usé en una reunión",No sabía que existía,"Sé que existe, nunca la usé en una reunión",,,Otro: Costa Rica,No,2 o 3,No,
R-099,panel,2026-09-24 11:55,116,completa,Sí,Soy empleado o empleada de la empresa,Tecnología o software,3 o más,En aproximadamente la mitad,"Google Docs, Sheets o Slides",Pegué (o alguien pegó) un enlace en el chat de la reunión,Se creó para esa reunión y no se volvió a usar,Anotar decisiones o acuerdos; Agrupar u ordenar ideas,10 minutos o más,1,"Sí, 2 o más",No quedó registrado en ningún lado,La uso en algunas reuniones,No sabía que existía,La uso en algunas reuniones,"Sé que existe, nunca la usé en una reunión",Muchas veces creemos que decidimos y en realidad cada uno entendió algo distinto. Lo descubrimos en la siguiente reunión,,Colombia,No,2 o 3,Sí,"Santiago Ríos, santiago.rios@example.com"
R-100,panel,2026-09-24 12:00,193,completa,Sí,Soy empleado o empleada de la empresa,Tecnología o software,3 o más,En ninguna,,,,,,,,,"Sé que existe, nunca la usé en una reunión",No sabía que existía,No sabía que existía,La uso en algunas reuniones,,Lo hablamos y alguien lo anota en el chat de la reunion,Colombia,No,2 o 3,No,
R-101,panel,2026-09-24 12:06,243,completa,Sí,Soy empleado o empleada de la empresa,Tecnología o software,3 o más,En más de la mitad,Miro; Slido o Mentimeter,Pegué (o alguien pegó) un enlace en el chat de la reunión,Se creó para esa reunión y se siguió usando después,Agrupar u ordenar ideas; Anotar decisiones o acuerdos,Entre 5 y 9 minutos,2 o 3,No,"En un chat fuera de Teams (Slack, WhatsApp u otro)","Sé que existe, nunca la usé en una reunión","Sé que existe, nunca la usé en una reunión",No sabía que existía,"Sé que existe, nunca la usé en una reunión",,,España,No,2 o 3,Sí,Hernán hernan.vidal@example.com
R-102,panel,2026-09-24 12:08,188,completa,Sí,Soy empleado o empleada de la empresa,Tecnología o software,3 o más,En más de la mitad,"Confluence; Google Docs, Sheets o Slides; Jira u otro gestor de tareas",Ya la tenían abierta antes de la reunión,Ya existía antes de la reunión y no se volvió a usar,Aportar ideas o notas; Revisar datos o métricas y señalar algo puntual; Actualizar tareas o tickets,Entre 1 y 2 minutos,1,No,En la misma herramienta externa; Otro: En la grabación con marcadores,"Sé que existe, nunca la usé en una reunión","Sé que existe, nunca la usé en una reunión",No sabía que existía,La usé alguna vez y dejé de usarla,,,Colombia,No,2 o 3,Sí,"Nicolás Castillo, nicolas.castillo@example.com"
R-103,panel,2026-09-24 12:11,199,completa,Sí,Soy empleado o empleada de la empresa,Tecnología o software,3 o más,En aproximadamente la mitad,Mural; FigJam; Miro,La abrí como app dentro de la reunión de Teams,Se creó para esa reunión y se siguió usando después,Agrupar u ordenar ideas; Editar un documento entre varios; Votar o priorizar,Entre 5 y 9 minutos,1,No lo sé,No quedó registrado en ningún lado,La usé alguna vez y dejé de usarla,La usé alguna vez y dejé de usarla,No sabía que existía,No sabía que existía,,,México,No,2 o 3,Sí,ivan.cordero@example.com
R-104,panel,2026-09-24 12:18,262,completa,Sí,Soy empleado o empleada de la empresa,Tecnología o software,3 o más,En aproximadamente la mitad,"Un dashboard (Grafana, Power BI, Looker u otro)",Ya la tenían abierta antes de la reunión,Ya existía antes de la reunión y se siguió usando después,Revisar datos o métricas y señalar algo puntual; Editar un documento entre varios; Anotar decisiones o acuerdos,Menos de 1 minuto,Ninguno,No,No quedó registrado en ningún lado,La usé alguna vez y dejé de usarla,La uso en algunas reuniones,"Sé que existe, nunca la usé en una reunión",La uso en la mayoría de mis reuniones,Camaras apagadas y silencio,,Colombia,No,4 o más,No,
R-105,panel,2026-09-24 12:20,181,completa,Sí,Soy empleado o empleada de la empresa,Tecnología o software,3 o más,En menos de la mitad,Miro,Pegué (o alguien pegó) un enlace en el chat de la reunión,Se creó para esa reunión y se siguió usando después,Aportar ideas o notas; Editar un documento entre varios; Dibujar un diagrama o flujo; Anotar decisiones o acuerdos,Entre 5 y 9 minutos,1,"Sí, 2 o más","En un chat fuera de Teams (Slack, WhatsApp u otro)",La usé alguna vez y dejé de usarla,No sabía que existía,"Sé que existe, nunca la usé en una reunión",No sabía que existía,,,Otro: Uruguay,No,2 o 3,No,
R-106,panel,2026-09-24 12:21,118,completa,Sí,Soy empleado o empleada de la empresa,Tecnología o software,3 o más,En ninguna,,,,,,,,,La usé alguna vez y dejé de usarla,No sabía que existía,"Sé que existe, nunca la usé en una reunión",La uso en algunas reuniones,,,Chile,Sí,4 o más,Sí,"Daniela Cruz, daniela.cruz@example.com"
R-107,panel,2026-09-24 12:23,80,completa,Sí,Soy empleado o empleada de la empresa,Tecnología o software,3 o más,En todas,"FigJam; Google Docs, Sheets o Slides; Slido o Mentimeter",Compartí mi pantalla y cada uno la abrió por su cuenta,Ya existía antes de la reunión y se siguió usando después,Dibujar un diagrama o flujo; Anotar decisiones o acuerdos,Entre 3 y 4 minutos,1,No,"En un chat fuera de Teams (Slack, WhatsApp u otro); Otro: en mi cuaderno","Sé que existe, nunca la usé en una reunión",La uso en algunas reuniones,"Sé que existe, nunca la usé en una reunión",La uso en la mayoría de mis reuniones,,,México,No,4 o más,No,
R-108,panel,2026-09-24 12:28,67,descalificada,Sí,Soy empleado o empleada de la empresa,Otro,,,,,,,,,,,,,,,,,,,,,
R-109,panel,2026-09-24 12:34,243,completa,Sí,Soy empleado o empleada de la empresa,Tecnología o software,3 o más,En aproximadamente la mitad,Mural,Pegué (o alguien pegó) un enlace en el chat de la reunión,Ya existía antes de la reunión y se siguió usando después,Aportar ideas o notas; Editar un documento entre varios,No lo sé,1,"Sí, 2 o más",No quedó registrado en ningún lado,La uso en algunas reuniones,"Sé que existe, nunca la usé en una reunión",La uso en algunas reuniones,La uso en la mayoría de mis reuniones,"Tenemos la grabación y el resumen de Copilot pero el resumen pone todo al mismo nivel, no se distingue que se decidió y que se habló nomas",,Colombia,No,2 o 3,No,
R-110,panel,2026-09-24 12:39,119,completa,Sí,Soy empleado o empleada de la empresa,Tecnología o software,3 o más,En ninguna,,,,,,,,,La uso en algunas reuniones,No sabía que existía,No sabía que existía,La uso en la mayoría de mis reuniones,,,España,No,2 o 3,Sí,
R-111,panel,2026-09-24 12:52,196,completa,Sí,Soy empleado o empleada de la empresa,Tecnología o software,3 o más,En aproximadamente la mitad,"Google Docs, Sheets o Slides; Mural",Pegué (o alguien pegó) un enlace en el chat de la reunión,Se creó para esa reunión y se siguió usando después,Aportar ideas o notas; Votar o priorizar; Editar un documento entre varios; Otro: Armar el roadmap del trimestre,Entre 5 y 9 minutos,2 o 3,No,En la misma herramienta externa,La usé alguna vez y dejé de usarla,La usé alguna vez y dejé de usarla,La usé alguna vez y dejé de usarla,La uso en algunas reuniones,,,Argentina,No,2 o 3,No,
R-112,panel,2026-09-24 13:01,61,descalificada,Sí,"Soy contratista, consultor o proveedor externo",,,,,,,,,,,,,,,,,,,,,,
R-113,panel,2026-09-24 13:06,293,completa,Sí,Soy empleado o empleada de la empresa,Tecnología o software,3 o más,En todas,Miro,Pegué (o alguien pegó) un enlace en el chat de la reunión,Se creó para esa reunión y se siguió usando después,Aportar ideas o notas; Agrupar u ordenar ideas; Votar o priorizar,Entre 5 y 9 minutos,2 o 3,No,En la misma herramienta externa; En Jira u otro gestor de tareas,La usé alguna vez y dejé de usarla,"Sé que existe, nunca la usé en una reunión",La usé alguna vez y dejé de usarla,"Sé que existe, nunca la usé en una reunión","Probamos la whiteboard de Teams hace un tiempo, no tenia plantillas ni votacion y a la retro siguiente no la encontramos. Desde ahi todo en Miro",,Argentina,No,4 o más,Sí,"Tomás Aguirre, tomas.aguirre@example.com"
R-114,panel,2026-09-24 13:09,194,completa,Sí,Soy empleado o empleada de la empresa,Tecnología o software,3 o más,En menos de la mitad,"Miro; Google Docs, Sheets o Slides; FigJam",Pegué (o alguien pegó) un enlace en el chat de la reunión,Se creó para esa reunión y no se volvió a usar,Aportar ideas o notas,Entre 1 y 2 minutos,Ninguno,No,En un documento de actas,"Sé que existe, nunca la usé en una reunión",No sabía que existía,La uso en algunas reuniones,La usé alguna vez y dejé de usarla,,,México,No,4 o más,No,
R-115,panel,2026-09-24 13:15,282,completa,Sí,Soy empleado o empleada de la empresa,Tecnología o software,3 o más,En aproximadamente la mitad,"Jira u otro gestor de tareas; Google Docs, Sheets o Slides",Ya la tenían abierta antes de la reunión,Ya existía antes de la reunión y se siguió usando después,Editar un documento entre varios,Menos de 1 minuto,Ninguno,No,En un correo; En la misma herramienta externa; Otro: En una nota de voz que mandé por WhatsApp,"Sé que existe, nunca la usé en una reunión",La usé alguna vez y dejé de usarla,"Sé que existe, nunca la usé en una reunión","Sé que existe, nunca la usé en una reunión",Pegar el link y esperar que todos entren. Hay gente que ni lo ve en el chat,,Otro: Costa Rica,No,2 o 3,No,
R-116,panel,2026-09-24 13:23,293,completa,Sí,Soy empleado o empleada de la empresa,Tecnología o software,3 o más,En más de la mitad,"Jira u otro gestor de tareas; Google Docs, Sheets o Slides",Compartí mi pantalla y cada uno la abrió por su cuenta,No lo sé,Revisar datos o métricas y señalar algo puntual,Menos de 1 minuto,Ninguno,No,No se tomaron decisiones,"Sé que existe, nunca la usé en una reunión",La uso en algunas reuniones,No sabía que existía,No sabía que existía,,,México,No,2 o 3,No,
R-117,panel,2026-09-24 13:38,21,descalificada,Sí,Soy empleado o empleada de la empresa,Tecnología o software,No lo sé,,,,,,,,,,,,,,,,,,,,
R-118,panel,2026-09-24 13:39,53,descalificada,Sí,Soy empleado o empleada de la empresa,Tecnología o software,2,,,,,,,,,,,,,,,,,,,,
R-119,panel,2026-09-24 13:43,33,descalificada,No,,,,,,,,,,,,,,,,,,,,,,,
R-120,panel,2026-09-24 13:59,89,completa,Sí,Soy empleado o empleada de la empresa,Tecnología o software,3 o más,En ninguna,,,,,,,,,La uso en algunas reuniones,No sabía que existía,"Sé que existe, nunca la usé en una reunión","Sé que existe, nunca la usé en una reunión",Las decisiones quedan en el aire. Nadie toma notas y la grabación nadie la mira,,Colombia,No,2 o 3,Sí,irene.blanco@example.com
R-121,panel,2026-09-24 14:00,82,completa,Sí,Soy empleado o empleada de la empresa,Tecnología o software,3 o más,En menos de la mitad,"Un dashboard (Grafana, Power BI, Looker u otro)",Ya la tenían abierta antes de la reunión,Ya existía antes de la reunión y se siguió usando después,Editar un documento entre varios,Entre 3 y 4 minutos,Ninguno,No,No quedó registrado en ningún lado,"Sé que existe, nunca la usé en una reunión",La usé alguna vez y dejé de usarla,No sabía que existía,"Sé que existe, nunca la usé en una reunión",,,Colombia,No,2 o 3,No,
R-122,panel,2026-09-24 14:01,168,completa,Sí,Soy empleado o empleada de la empresa,Tecnología o software,3 o más,En más de la mitad,Confluence; Jira u otro gestor de tareas,Pegué (o alguien pegó) un enlace en el chat de la reunión,Ya existía antes de la reunión y se siguió usando después,Actualizar tareas o tickets; Editar un documento entre varios; Anotar decisiones o acuerdos; Aportar ideas o notas,Entre 1 y 2 minutos,Ninguno,No,En la misma herramienta externa,"Sé que existe, nunca la usé en una reunión",No sabía que existía,No sabía que existía,No sabía que existía,,,México,No,0 o 1,No,
R-123,panel,2026-09-24 14:03,251,completa,Sí,Soy empleado o empleada de la empresa,Tecnología o software,3 o más,En menos de la mitad,"Google Docs, Sheets o Slides",Pegué (o alguien pegó) un enlace en el chat de la reunión,Ya existía antes de la reunión y se siguió usando después,Actualizar tareas o tickets; Dibujar un diagrama o flujo; Aportar ideas o notas,Entre 5 y 9 minutos,1,"Sí, 1",No quedó registrado en ningún lado,"Sé que existe, nunca la usé en una reunión","Sé que existe, nunca la usé en una reunión",No sabía que existía,No sabía que existía,,,Colombia,No,2 o 3,No,
R-124,panel,2026-09-24 14:08,387,completa,Sí,Soy empleado o empleada de la empresa,Tecnología o software,3 o más,En aproximadamente la mitad,Lucidspark,Pegué (o alguien pegó) un enlace en el chat de la reunión,Se creó para esa reunión y se siguió usando después,Agrupar u ordenar ideas; Anotar decisiones o acuerdos; Votar o priorizar,Entre 1 y 2 minutos,Ninguno,"Sí, 2 o más",En un documento de actas; En Jira u otro gestor de tareas; En la misma herramienta externa; Otro: recap de copilot,"Sé que existe, nunca la usé en una reunión",La usé alguna vez y dejé de usarla,No sabía que existía,"Sé que existe, nunca la usé en una reunión",Termino escribiendo el acta yo despues de cada reunion y pasando las tareas a Jira a mano. Es trabajo que nadie ve,,México,Sí,0 o 1,Sí,"Ramiro Ponce, ramiro.ponce@example.com"
R-125,email,2026-09-24 14:11,114,completa,Sí,Soy empleado o empleada de la empresa,,,En menos de la mitad,Slido o Mentimeter,Compartí mi pantalla y cada uno la abrió por su cuenta,Se creó para esa reunión y se siguió usando después,Votar o priorizar; Dibujar un diagrama o flujo; Agrupar u ordenar ideas; Aportar ideas o notas,Entre 3 y 4 minutos,Ninguno,No lo sé,En un documento de actas,"Sé que existe, nunca la usé en una reunión",La uso en algunas reuniones,La usé alguna vez y dejé de usarla,La usé alguna vez y dejé de usarla,,,México,No,2 o 3,No,
R-126,email,2026-09-24 14:20,83,completa,Sí,Soy empleado o empleada de la empresa,,,En aproximadamente la mitad,"Google Docs, Sheets o Slides",Pegué (o alguien pegó) un enlace en el chat de la reunión,Ya existía antes de la reunión y se siguió usando después,Editar un documento entre varios; Anotar decisiones o acuerdos,10 minutos o más,1,"Sí, 1","En un chat fuera de Teams (Slack, WhatsApp u otro); En un correo",La uso en algunas reuniones,No sabía que existía,No sabía que existía,La uso en la mayoría de mis reuniones,Que seguridad apruebe una herramienta nueva lleva meses. Trabajamos con lo que hay,,España,No,2 o 3,No,
R-127,email,2026-09-24 14:23,313,completa,Sí,Soy empleado o empleada de la empresa,,,En más de la mitad,Lucidspark; Slido o Mentimeter,Pegué (o alguien pegó) un enlace en el chat de la reunión,Se creó para esa reunión y no se volvió a usar,Dibujar un diagrama o flujo; Anotar decisiones o acuerdos; Votar o priorizar; Otro: Estimar historias,Entre 5 y 9 minutos,2 o 3,No,En la misma herramienta externa,La usé alguna vez y dejé de usarla,"Sé que existe, nunca la usé en una reunión","Sé que existe, nunca la usé en una reunión",No sabía que existía,Que los action items tengan dueño y fecha. Salimos de la reunion con 'hay que ver lo de X' y nadie lo ve,,España,No,2 o 3,No,
R-128,panel,2026-09-24 14:26,154,completa,Sí,Soy empleado o empleada de la empresa,Tecnología o software,3 o más,En todas,"Un dashboard (Grafana, Power BI, Looker u otro); Google Docs, Sheets o Slides",Ya la tenían abierta antes de la reunión,Ya existía antes de la reunión y se siguió usando después,Editar un documento entre varios,Entre 1 y 2 minutos,Ninguno,No,En Jira u otro gestor de tareas,No sabía que existía,La usé alguna vez y dejé de usarla,La usé alguna vez y dejé de usarla,No sabía que existía,,,Argentina,No,2 o 3,Sí,"Ignacio Arce, ignacio.arce@example.com"
R-129,panel,2026-09-24 14:28,255,completa,Sí,Soy empleado o empleada de la empresa,Tecnología o software,3 o más,En más de la mitad,"Google Docs, Sheets o Slides",Pegué (o alguien pegó) un enlace en el chat de la reunión,Ya existía antes de la reunión y se siguió usando después,Revisar datos o métricas y señalar algo puntual,Entre 1 y 2 minutos,Ninguno,No,"En un chat fuera de Teams (Slack, WhatsApp u otro)",No sabía que existía,La uso en algunas reuniones,La uso en la mayoría de mis reuniones,"Sé que existe, nunca la usé en una reunión",,,México,No,4 o más,No,
R-130,email,2026-09-24 14:28,331,completa,Sí,Soy empleado o empleada de la empresa,,,En menos de la mitad,"Google Docs, Sheets o Slides",Ya la tenían abierta antes de la reunión,Ya existía antes de la reunión y se siguió usando después,Editar un documento entre varios; Revisar datos o métricas y señalar algo puntual; Anotar decisiones o acuerdos; Actualizar tareas o tickets,Menos de 1 minuto,Ninguno,No,No quedó registrado en ningún lado,"Sé que existe, nunca la usé en una reunión",La uso en algunas reuniones,No sabía que existía,La uso en algunas reuniones,"el idioma, la mitad del equipo es de Brasil y se pierden cosas",,México,No,2 o 3,No,
R-131,email,2026-09-24 14:30,232,completa,Sí,Soy empleado o empleada de la empresa,,,En aproximadamente la mitad,Jira u otro gestor de tareas,La abrí como app dentro de la reunión de Teams,Ya existía antes de la reunión y se siguió usando después,Revisar datos o métricas y señalar algo puntual; Actualizar tareas o tickets; Anotar decisiones o acuerdos,Entre 1 y 2 minutos,Ninguno,No,En la misma herramienta externa; En el chat o las notas de la reunión de Teams,La usé alguna vez y dejé de usarla,"Sé que existe, nunca la usé en una reunión","Sé que existe, nunca la usé en una reunión",La uso en la mayoría de mis reuniones,Si no hay una propuesta escrita antes la reunión da vueltas y vueltas,,España,No,2 o 3,Sí,"Sara Molina, sara.molina@example.com"
R-132,panel,2026-09-24 14:31,286,completa,Sí,Soy empleado o empleada de la empresa,Tecnología o software,3 o más,En más de la mitad,Notion,Pegué (o alguien pegó) un enlace en el chat de la reunión,Ya existía antes de la reunión y se siguió usando después,Editar un documento entre varios; Actualizar tareas o tickets; Revisar datos o métricas y señalar algo puntual,Entre 3 y 4 minutos,1,No,No quedó registrado en ningún lado,"Sé que existe, nunca la usé en una reunión",No sabía que existía,"Sé que existe, nunca la usé en una reunión",La uso en la mayoría de mis reuniones,,,Argentina,No,4 o más,Sí,
R-133,email,2026-09-24 14:32,110,completa,Sí,Soy empleado o empleada de la empresa,,,En más de la mitad,Notion,Compartí mi pantalla y cada uno la abrió por su cuenta,Ya existía antes de la reunión y se siguió usando después,Revisar datos o métricas y señalar algo puntual,Entre 3 y 4 minutos,Ninguno,"Sí, 1","En Jira u otro gestor de tareas; En un chat fuera de Teams (Slack, WhatsApp u otro); Otro: En la transcripción. Si alguien la busca",La usé alguna vez y dejé de usarla,La uso en la mayoría de mis reuniones,No sabía que existía,La uso en algunas reuniones,Consenso. Mi jefe quiere consenso y con 14 personas no existe,,México,No,2 o 3,No,
R-134,panel,2026-09-24 14:34,200,completa,Sí,Soy empleado o empleada de la empresa,Tecnología o software,3 o más,En ninguna,,,,,,,,,La usé alguna vez y dejé de usarla,La uso en algunas reuniones,La uso en la mayoría de mis reuniones,"Sé que existe, nunca la usé en una reunión",,"usamos miro para las retros pero en la reunion misma no, lo completamos antes",España,No,2 o 3,No,
R-135,email,2026-09-24 14:38,95,completa,Sí,Soy empleado o empleada de la empresa,,,En ninguna,,,,,,,,,La usé alguna vez y dejé de usarla,La uso en algunas reuniones,No sabía que existía,"Sé que existe, nunca la usé en una reunión",Mantener la energía en reuniones de más de una hora,,Otro: Brasil,No,2 o 3,Sí,"Álvaro Cano, alvaro.cano@example.com"
R-136,email,2026-09-24 14:40,266,completa,Sí,Soy empleado o empleada de la empresa,,,En aproximadamente la mitad,"Google Docs, Sheets o Slides",La abrí como app dentro de la reunión de Teams,Se creó para esa reunión y se siguió usando después,Agrupar u ordenar ideas; Votar o priorizar,No lo sé,2 o 3,No,En el chat o las notas de la reunión de Teams; En un documento de actas,La uso en la mayoría de mis reuniones,"Sé que existe, nunca la usé en una reunión",No sabía que existía,La uso en algunas reuniones,,,Chile,No,2 o 3,No,
R-137,email,2026-09-24 14:41,369,completa,Sí,Soy empleado o empleada de la empresa,,,En menos de la mitad,Confluence,Pegué (o alguien pegó) un enlace en el chat de la reunión,Ya existía antes de la reunión y se siguió usando después,Anotar decisiones o acuerdos; Revisar datos o métricas y señalar algo puntual,Menos de 1 minuto,Ninguno,No,"En el chat o las notas de la reunión de Teams; En un chat fuera de Teams (Slack, WhatsApp u otro)","Sé que existe, nunca la usé en una reunión","Sé que existe, nunca la usé en una reunión",No sabía que existía,La uso en algunas reuniones,"Que el trabajo de una planning se conecte con la siguiente, hoy es copiar y pegar",,Estados Unidos,No,4 o más,No,
R-138,email,2026-09-24 14:47,247,completa,Sí,Soy empleado o empleada de la empresa,,,En menos de la mitad,"Lucidspark; Miro; Google Docs, Sheets o Slides",Pegué (o alguien pegó) un enlace en el chat de la reunión,Se creó para esa reunión y se siguió usando después,Dibujar un diagrama o flujo; Aportar ideas o notas,Entre 1 y 2 minutos,Ninguno,No,No quedó registrado en ningún lado,No sabía que existía,"Sé que existe, nunca la usé en una reunión",No sabía que existía,La uso en algunas reuniones,,,Colombia,No,4 o más,No,
R-139,panel,2026-09-24 14:53,60,descalificada,Sí,"Soy contratista, consultor o proveedor externo",,,,,,,,,,,,,,,,,,,,,,
R-140,panel,2026-09-24 14:55,310,completa,Sí,Soy empleado o empleada de la empresa,Tecnología o software,3 o más,En más de la mitad,Jira u otro gestor de tareas,Ya la tenían abierta antes de la reunión,Ya existía antes de la reunión y se siguió usando después,Editar un documento entre varios; Anotar decisiones o acuerdos; Revisar datos o métricas y señalar algo puntual,Entre 5 y 9 minutos,1,No,"En un chat fuera de Teams (Slack, WhatsApp u otro); Otro: En el resumen automático de la reunión (parcialmente)",La uso en algunas reuniones,"Sé que existe, nunca la usé en una reunión",No sabía que existía,La uso en algunas reuniones,,,Chile,No,2 o 3,No,
R-141,panel,2026-09-24 14:57,241,completa,Sí,Soy empleado o empleada de la empresa,Tecnología o software,3 o más,En menos de la mitad,Notion,Pegué (o alguien pegó) un enlace en el chat de la reunión,Se creó para esa reunión y no se volvió a usar,Actualizar tareas o tickets; Revisar datos o métricas y señalar algo puntual,Entre 5 y 9 minutos,1,"Sí, 2 o más",No quedó registrado en ningún lado,La usé alguna vez y dejé de usarla,"Sé que existe, nunca la usé en una reunión","Sé que existe, nunca la usé en una reunión","Sé que existe, nunca la usé en una reunión","Cuando vienen externos es un desastre, que no tienen acceso, que les pide cuenta, que el link no abre",,Otro: Uruguay,No,4 o más,No,
R-142,panel,2026-09-24 14:58,81,parcial,Sí,Soy empleado o empleada de la empresa,Tecnología o software,3 o más,En menos de la mitad,"Google Docs, Sheets o Slides; Otra: Excel en SharePoint",Compartí mi pantalla y cada uno la abrió por su cuenta,Ya existía antes de la reunión y se siguió usando después,Revisar datos o métricas y señalar algo puntual; Aportar ideas o notas; Actualizar tareas o tickets,Entre 1 y 2 minutos,Ninguno,"Sí, 1",,,,,,,,,,,,
R-143,email,2026-09-24 14:59,120,completa,Sí,Soy empleado o empleada de la empresa,,,En ninguna,,,,,,,,,La uso en algunas reuniones,"Sé que existe, nunca la usé en una reunión",No sabía que existía,La uso en algunas reuniones,Que lo que se decide quede en algún sitio que se pueda encontrar. La pizarra de Teams la usamos pero a la semana no sé dónde está,Por compliance no podemos usar Miro ni FigJam con datos de clientes. Usamos la pizarra de Teams cuando no queda otra y lo demás lo hablamos y alguien lo apunta en el chat,España,No,4 o más,Sí,"Lucía Fernández, lucia.fernandez@example.com"
R-144,panel,2026-09-24 15:00,294,completa,Sí,Soy empleado o empleada de la empresa,Tecnología o software,3 o más,En aproximadamente la mitad,Confluence,Compartí mi pantalla y cada uno la abrió por su cuenta,Ya existía antes de la reunión y se siguió usando después,Anotar decisiones o acuerdos,Entre 1 y 2 minutos,Ninguno,No,En la misma herramienta externa,La usé alguna vez y dejé de usarla,La usé alguna vez y dejé de usarla,"Sé que existe, nunca la usé en una reunión",La usé alguna vez y dejé de usarla,Que lo acordado se cumpla. Tuvimos un release que salio con el alcance viejo porque la decision quedo en un comentario,,Chile,No,2 o 3,Sí,"Pilar Ruiz, pilar.ruiz@example.com"
R-145,panel,2026-09-24 15:03,197,completa,Sí,Soy empleado o empleada de la empresa,Tecnología o software,3 o más,En más de la mitad,"Google Docs, Sheets o Slides",Pegué (o alguien pegó) un enlace en el chat de la reunión,Se creó para esa reunión y se siguió usando después,Aportar ideas o notas; Dibujar un diagrama o flujo; Agrupar u ordenar ideas; Otro: Armar el roadmap del trimestre,Menos de 1 minuto,1,No,"En un chat fuera de Teams (Slack, WhatsApp u otro); En un documento de actas",La usé alguna vez y dejé de usarla,No sabía que existía,"Sé que existe, nunca la usé en una reunión",La uso en algunas reuniones,,,Argentina,No,2 o 3,No,
R-146,panel,2026-09-24 15:04,299,completa,Sí,Soy empleado o empleada de la empresa,Tecnología o software,3 o más,En más de la mitad,Jira u otro gestor de tareas,Ya la tenían abierta antes de la reunión,Ya existía antes de la reunión y se siguió usando después,Revisar datos o métricas y señalar algo puntual; Anotar decisiones o acuerdos,Menos de 1 minuto,Ninguno,No,No se tomaron decisiones,La usé alguna vez y dejé de usarla,"Sé que existe, nunca la usé en una reunión",No sabía que existía,No sabía que existía,,,Colombia,No,4 o más,No,
R-147,email,2026-09-24 15:04,294,completa,Sí,Soy empleado o empleada de la empresa,,,En aproximadamente la mitad,"Google Docs, Sheets o Slides",Ya la tenían abierta antes de la reunión,Ya existía antes de la reunión y se siguió usando después,Actualizar tareas o tickets; Revisar datos o métricas y señalar algo puntual,Entre 3 y 4 minutos,Ninguno,"Sí, 2 o más",No quedó registrado en ningún lado,La usé alguna vez y dejé de usarla,La uso en algunas reuniones,La uso en algunas reuniones,La uso en algunas reuniones,Algunos no saben usar Miro y se quedan mirando. Pierdo gente en el camino,,Colombia,No,4 o más,No,
R-148,panel,2026-09-24 15:09,62,descalificada,No,,,,,,,,,,,,,,,,,,,,,,,
R-149,panel,2026-09-24 15:11,230,completa,Sí,Soy empleado o empleada de la empresa,Tecnología o software,3 o más,En más de la mitad,FigJam; Miro,Ya la tenían abierta antes de la reunión,Ya existía antes de la reunión y se siguió usando después,Aportar ideas o notas; Votar o priorizar; Agrupar u ordenar ideas,10 minutos o más,2 o 3,No lo sé,No quedó registrado en ningún lado,La usé alguna vez y dejé de usarla,La usé alguna vez y dejé de usarla,La uso en la mayoría de mis reuniones,La uso en algunas reuniones,"El resumen automático sirve para saber de qué se habló pero no para saber qué quedó decidido, lo tengo que corregir siempre",,México,No,0 o 1,Sí,
R-150,panel,2026-09-24 15:16,127,completa,Sí,Soy empleado o empleada de la empresa,Tecnología o software,3 o más,En más de la mitad,Confluence,La abrí como app dentro de la reunión de Teams,Ya existía antes de la reunión y se siguió usando después,Dibujar un diagrama o flujo; Votar o priorizar; Anotar decisiones o acuerdos,Menos de 1 minuto,1,No,En el chat o las notas de la reunión de Teams,La uso en la mayoría de mis reuniones,No sabía que existía,"Sé que existe, nunca la usé en una reunión",No sabía que existía,,,México,No,4 o más,No,
R-151,panel,2026-09-24 15:19,190,completa,Sí,Soy empleado o empleada de la empresa,Tecnología o software,3 o más,En más de la mitad,"Confluence; Google Docs, Sheets o Slides",Pegué (o alguien pegó) un enlace en el chat de la reunión,Ya existía antes de la reunión y se siguió usando después,Editar un documento entre varios; Anotar decisiones o acuerdos,Entre 1 y 2 minutos,1,No,En la misma herramienta externa,La usé alguna vez y dejé de usarla,"Sé que existe, nunca la usé en una reunión",No sabía que existía,"Sé que existe, nunca la usé en una reunión",,,México,No,2 o 3,Sí,sofia.martinez@example.com
R-152,panel,2026-09-24 15:24,110,parcial,Sí,Soy empleado o empleada de la empresa,Tecnología o software,3 o más,En más de la mitad,"Google Docs, Sheets o Slides; FigJam",Pegué (o alguien pegó) un enlace en el chat de la reunión,Se creó para esa reunión y no se volvió a usar,Aportar ideas o notas; Agrupar u ordenar ideas; Dibujar un diagrama o flujo,Entre 3 y 4 minutos,,,,,,,,,,,,,,
R-153,email,2026-09-24 15:24,131,completa,Sí,Soy empleado o empleada de la empresa,,,En ninguna,,,,,,,,,"Sé que existe, nunca la usé en una reunión",La uso en la mayoría de mis reuniones,"Sé que existe, nunca la usé en una reunión",La uso en la mayoría de mis reuniones,"El resumen de IA me ayuda pero marca como decisión cosas que eran solo ideas, lo tengo que revisar siempre",,Argentina,No,4 o más,Sí,Paula paula.benitez@example.com
R-154,panel,2026-09-24 15:25,279,completa,Sí,Soy empleado o empleada de la empresa,Tecnología o software,3 o más,En aproximadamente la mitad,"Un dashboard (Grafana, Power BI, Looker u otro); Jira u otro gestor de tareas",Ya la tenían abierta antes de la reunión,Ya existía antes de la reunión y se siguió usando después,Actualizar tareas o tickets; Votar o priorizar; Aportar ideas o notas,Menos de 1 minuto,Ninguno,No,En un documento de actas,La usé alguna vez y dejé de usarla,"Sé que existe, nunca la usé en una reunión","Sé que existe, nunca la usé en una reunión",La uso en algunas reuniones,Saber cuándo cortar la discusión.,,Estados Unidos,No,2 o 3,No,
R-155,panel,2026-09-24 15:25,177,completa,Sí,Soy empleado o empleada de la empresa,Tecnología o software,3 o más,En aproximadamente la mitad,"Un dashboard (Grafana, Power BI, Looker u otro)",Pegué (o alguien pegó) un enlace en el chat de la reunión,Ya existía antes de la reunión y se siguió usando después,Anotar decisiones o acuerdos; Revisar datos o métricas y señalar algo puntual,Entre 3 y 4 minutos,2 o 3,"Sí, 1",No se tomaron decisiones,"Sé que existe, nunca la usé en una reunión","Sé que existe, nunca la usé en una reunión","Sé que existe, nunca la usé en una reunión","Sé que existe, nunca la usé en una reunión","Honestamente, que alguien se anime a decir que no está de acuerdo",,México,No,0 o 1,Sí,"Diego Zamora, diego.zamora@example.com"
R-156,email,2026-09-24 15:30,32,descalificada,No,,,,,,,,,,,,,,,,,,,,,,,
R-157,panel,2026-09-24 15:44,298,completa,Sí,Soy empleado o empleada de la empresa,Tecnología o software,3 o más,En aproximadamente la mitad,"Un dashboard (Grafana, Power BI, Looker u otro)",Otro: Les mandé el link por mail antes,Se creó para esa reunión y no se volvió a usar,Actualizar tareas o tickets,Entre 1 y 2 minutos,1,"Sí, 2 o más",No quedó registrado en ningún lado,La uso en algunas reuniones,La usé alguna vez y dejé de usarla,No sabía que existía,La usé alguna vez y dejé de usarla,Honestamente la mayoría de estas reuniones podrían ser un mail,,España,No,4 o más,No,
R-158,panel,2026-09-24 15:44,307,completa,Sí,Soy empleado o empleada de la empresa,Tecnología o software,3 o más,En más de la mitad,Slido o Mentimeter,La abrí como app dentro de la reunión de Teams,Se creó para esa reunión y se siguió usando después,Anotar decisiones o acuerdos; Votar o priorizar; Agrupar u ordenar ideas,No lo sé,1,No,"En un chat fuera de Teams (Slack, WhatsApp u otro); En el chat o las notas de la reunión de Teams; Otro: En el resumen del asistente de IA pero con errores","Sé que existe, nunca la usé en una reunión",La uso en la mayoría de mis reuniones,"Sé que existe, nunca la usé en una reunión",La uso en algunas reuniones,La continuidad entre una reunión y la siguiente. Cada semana retomamos lo mismo,,Colombia,No,2 o 3,No,
R-159,panel,2026-09-24 15:46,172,completa,Sí,Soy empleado o empleada de la empresa,Tecnología o software,3 o más,En todas,"Mural; Google Docs, Sheets o Slides",Compartí mi pantalla y cada uno la abrió por su cuenta,Ya existía antes de la reunión y se siguió usando después,Anotar decisiones o acuerdos; Votar o priorizar; Aportar ideas o notas,Entre 3 y 4 minutos,4 o más,No lo sé,En la misma herramienta externa,No sabía que existía,La uso en algunas reuniones,La uso en algunas reuniones,"Sé que existe, nunca la usé en una reunión",,,Colombia,No,4 o más,Sí,natalia.suarez@example.com
R-160,panel,2026-09-24 15:47,349,completa,Sí,Soy empleado o empleada de la empresa,Tecnología o software,3 o más,En más de la mitad,Jira u otro gestor de tareas; Confluence,Ya la tenían abierta antes de la reunión,Ya existía antes de la reunión y se siguió usando después,Editar un documento entre varios; Dibujar un diagrama o flujo; Actualizar tareas o tickets,No lo sé,4 o más,No,En Jira u otro gestor de tareas,"Sé que existe, nunca la usé en una reunión","Sé que existe, nunca la usé en una reunión",La uso en algunas reuniones,"Sé que existe, nunca la usé en una reunión","seguimiento de acuerdos, se pierden",,España,No,4 o más,No,
R-161,email,2026-09-24 15:59,176,completa,Sí,Soy empleado o empleada de la empresa,,,En aproximadamente la mitad,FigJam,Pegué (o alguien pegó) un enlace en el chat de la reunión,Se creó para esa reunión y no se volvió a usar,Anotar decisiones o acuerdos; Aportar ideas o notas; Agrupar u ordenar ideas; Votar o priorizar,Entre 5 y 9 minutos,2 o 3,No,En el chat o las notas de la reunión de Teams,La usé alguna vez y dejé de usarla,No sabía que existía,No sabía que existía,"Sé que existe, nunca la usé en una reunión",,,México,No,4 o más,No,
R-162,panel,2026-09-24 16:04,227,completa,Sí,Soy empleado o empleada de la empresa,Tecnología o software,3 o más,En menos de la mitad,"Google Docs, Sheets o Slides",Ya la tenían abierta antes de la reunión,No lo sé,Votar o priorizar; Aportar ideas o notas; Editar un documento entre varios,Entre 1 y 2 minutos,1,No,"En un chat fuera de Teams (Slack, WhatsApp u otro); En Jira u otro gestor de tareas",No sabía que existía,La uso en algunas reuniones,"Sé que existe, nunca la usé en una reunión",No sabía que existía,Que Teams consume muchísima memoria y la compu se cuelga,,Estados Unidos,No,4 o más,No,
R-163,panel,2026-09-24 16:07,53,descalificada,Sí,Soy empleado o empleada de la empresa,Servicios financieros,,,,,,,,,,,,,,,,,,,,,
R-164,email,2026-09-24 16:07,262,completa,Sí,Soy empleado o empleada de la empresa,,,En menos de la mitad,FigJam; Miro; Slido o Mentimeter,Pegué (o alguien pegó) un enlace en el chat de la reunión,Se creó para esa reunión y se siguió usando después,Aportar ideas o notas,Entre 5 y 9 minutos,1,No,En un correo; Otro: En la cabeza del que decidió jaja,La uso en algunas reuniones,No sabía que existía,No sabía que existía,"Sé que existe, nunca la usé en una reunión",la gente se desconecta mentalmente a los 15 minutos,,Perú,No,4 o más,No,
R-165,email,2026-09-24 16:11,36,descalificada,No,,,,,,,,,,,,,,,,,,,,,,,
R-166,panel,2026-09-24 16:13,398,completa,Sí,Soy empleado o empleada de la empresa,Tecnología o software,3 o más,En menos de la mitad,"Notion; Un dashboard (Grafana, Power BI, Looker u otro)",Ya la tenían abierta antes de la reunión,Ya existía antes de la reunión y se siguió usando después,Votar o priorizar; Anotar decisiones o acuerdos; Revisar datos o métricas y señalar algo puntual; Dibujar un diagrama o flujo,No lo sé,Ninguno,No,No se tomaron decisiones,La uso en algunas reuniones,"Sé que existe, nunca la usé en una reunión","Sé que existe, nunca la usé en una reunión","Sé que existe, nunca la usé en una reunión",Cada reunion es una isla. Lo que se trabajo en la anterior esta en otro lado,,México,Sí,4 o más,No,
R-167,email,2026-09-24 16:16,232,completa,Sí,Soy empleado o empleada de la empresa,,,En menos de la mitad,Jira u otro gestor de tareas,La abrí como app dentro de la reunión de Teams,Ya existía antes de la reunión y se siguió usando después,Revisar datos o métricas y señalar algo puntual; Editar un documento entre varios; Dibujar un diagrama o flujo; Aportar ideas o notas,Entre 1 y 2 minutos,1,No lo sé,En Jira u otro gestor de tareas; En el chat o las notas de la reunión de Teams,La uso en la mayoría de mis reuniones,No sabía que existía,La uso en algunas reuniones,La uso en algunas reuniones,,,México,Sí,4 o más,Sí,"Camila Ortiz, camila.ortiz@example.com"
R-168,panel,2026-09-24 16:18,217,completa,Sí,Soy empleado o empleada de la empresa,Tecnología o software,3 o más,En más de la mitad,"Miro; Google Docs, Sheets o Slides",Pegué (o alguien pegó) un enlace en el chat de la reunión,Se creó para esa reunión y no se volvió a usar,Aportar ideas o notas,Entre 3 y 4 minutos,2 o 3,No,"En un correo; En la misma herramienta externa; Otro: En la grabación, se supone",La usé alguna vez y dejé de usarla,La uso en algunas reuniones,No sabía que existía,No sabía que existía,,,Colombia,No,2 o 3,No,
R-169,panel,2026-09-24 16:20,158,completa,Sí,Soy empleado o empleada de la empresa,Tecnología o software,3 o más,En menos de la mitad,Jira u otro gestor de tareas,Compartí mi pantalla y cada uno la abrió por su cuenta,No lo sé,Revisar datos o métricas y señalar algo puntual; Editar un documento entre varios,Menos de 1 minuto,Ninguno,No,En la misma herramienta externa,No sabía que existía,No sabía que existía,No sabía que existía,La uso en algunas reuniones,,,Colombia,No,4 o más,No,
R-170,panel,2026-09-24 16:25,196,completa,Sí,Soy empleado o empleada de la empresa,Tecnología o software,3 o más,En ninguna,,,,,,,,,"Sé que existe, nunca la usé en una reunión",No sabía que existía,No sabía que existía,"Sé que existe, nunca la usé en una reunión",,"comparto pantalla del excel y voy escribiendo lo q me dicen, a veces es un lio saber de que fila hablan",Colombia,No,2 o 3,Sí,"Andrés Quintero, andres.quintero@example.com"
R-171,panel,2026-09-24 16:30,300,completa,Sí,Soy empleado o empleada de la empresa,Tecnología o software,3 o más,En menos de la mitad,Notion,Ya la tenían abierta antes de la reunión,Ya existía antes de la reunión y se siguió usando después,Votar o priorizar; Anotar decisiones o acuerdos; Actualizar tareas o tickets; Revisar datos o métricas y señalar algo puntual,Entre 3 y 4 minutos,Ninguno,No,En Jira u otro gestor de tareas,"Sé que existe, nunca la usé en una reunión",No sabía que existía,"Sé que existe, nunca la usé en una reunión","Sé que existe, nunca la usé en una reunión",,,Colombia,No,2 o 3,Sí,hugo.arriaga@example.com
R-172,email,2026-09-24 16:42,243,completa,Sí,Soy empleado o empleada de la empresa,,,En más de la mitad,"Jira u otro gestor de tareas; Google Docs, Sheets o Slides",La abrí como app dentro de la reunión de Teams,Se creó para esa reunión y se siguió usando después,Anotar decisiones o acuerdos; Editar un documento entre varios,Entre 5 y 9 minutos,4 o más,"Sí, 1",No quedó registrado en ningún lado,"Sé que existe, nunca la usé en una reunión","Sé que existe, nunca la usé en una reunión",No sabía que existía,"Sé que existe, nunca la usé en una reunión",nada en particular,,Estados Unidos,No,4 o más,No,
R-173,panel,2026-09-24 16:43,281,completa,Sí,Soy empleado o empleada de la empresa,Tecnología o software,3 o más,En más de la mitad,FigJam; Otra: ClickUp,Pegué (o alguien pegó) un enlace en el chat de la reunión,Se creó para esa reunión y no se volvió a usar,Aportar ideas o notas; Agrupar u ordenar ideas; Votar o priorizar; Editar un documento entre varios,Entre 1 y 2 minutos,Ninguno,No,No quedó registrado en ningún lado,"Sé que existe, nunca la usé en una reunión",La usé alguna vez y dejé de usarla,No sabía que existía,La uso en la mayoría de mis reuniones,Con la normativa europea tenemos las herramientas externas muy limitadas. Lo que hay dentro de Teams tendria que funcionar mejor,,España,No,2 o 3,Sí,"Josefina Palma, josefina.palma@example.com"
R-174,panel,2026-09-24 16:44,244,completa,Sí,Soy empleado o empleada de la empresa,Tecnología o software,3 o más,En aproximadamente la mitad,Jira u otro gestor de tareas; Confluence,Pegué (o alguien pegó) un enlace en el chat de la reunión,Ya existía antes de la reunión y se siguió usando después,Dibujar un diagrama o flujo,Entre 1 y 2 minutos,Ninguno,No,En Jira u otro gestor de tareas,La uso en la mayoría de mis reuniones,"Sé que existe, nunca la usé en una reunión",La uso en la mayoría de mis reuniones,La usé alguna vez y dejé de usarla,"Mucha gente, poco tiempo",,Colombia,No,4 o más,No,
R-175,panel,2026-09-24 16:44,228,completa,Sí,Soy empleado o empleada de la empresa,Tecnología o software,3 o más,En menos de la mitad,FigJam; Miro,La abrí como app dentro de la reunión de Teams,Se creó para esa reunión y no se volvió a usar,Agrupar u ordenar ideas; Aportar ideas o notas; Anotar decisiones o acuerdos,Entre 3 y 4 minutos,1,No,No quedó registrado en ningún lado,La usé alguna vez y dejé de usarla,"Sé que existe, nunca la usé en una reunión",La usé alguna vez y dejé de usarla,La uso en algunas reuniones,,,México,No,2 o 3,No,
R-176,panel,2026-09-24 16:51,177,completa,Sí,Soy empleado o empleada de la empresa,Tecnología o software,3 o más,En aproximadamente la mitad,"Google Docs, Sheets o Slides; Notion",Pegué (o alguien pegó) un enlace en el chat de la reunión,Ya existía antes de la reunión y se siguió usando después,Revisar datos o métricas y señalar algo puntual; Actualizar tareas o tickets,Entre 1 y 2 minutos,Ninguno,No,"En un chat fuera de Teams (Slack, WhatsApp u otro); En Jira u otro gestor de tareas; En la misma herramienta externa","Sé que existe, nunca la usé en una reunión","Sé que existe, nunca la usé en una reunión","Sé que existe, nunca la usé en una reunión",La uso en la mayoría de mis reuniones,,,Argentina,No,2 o 3,Sí,"Emiliano Cabrera, emiliano.cabrera@example.com"
R-177,panel,2026-09-24 16:52,37,descalificada,Sí,"Soy contratista, consultor o proveedor externo",,,,,,,,,,,,,,,,,,,,,,
R-178,panel,2026-09-24 17:00,93,completa,Sí,Soy empleado o empleada de la empresa,Tecnología o software,3 o más,En ninguna,,,,,,,,,La usé alguna vez y dejé de usarla,No sabía que existía,No sabía que existía,La usé alguna vez y dejé de usarla,,"A veces la pizarra de Teams, pero se traba bastante",México,No,2 o 3,No,
R-179,email,2026-09-24 17:01,160,completa,Sí,Soy empleado o empleada de la empresa,,,En menos de la mitad,Jira u otro gestor de tareas,Pegué (o alguien pegó) un enlace en el chat de la reunión,Ya existía antes de la reunión y se siguió usando después,Revisar datos o métricas y señalar algo puntual; Editar un documento entre varios,Menos de 1 minuto,1,No,En un documento de actas,No sabía que existía,La uso en algunas reuniones,La uso en algunas reuniones,"Sé que existe, nunca la usé en una reunión","No encuentro como abrir la pizarra en medio de la reunion, esta escondida en algun menu",,Colombia,No,2 o 3,No,
R-180,email,2026-09-24 17:03,176,completa,Sí,Soy empleado o empleada de la empresa,,,En menos de la mitad,Jira u otro gestor de tareas,Compartí mi pantalla y cada uno la abrió por su cuenta,Ya existía antes de la reunión y se siguió usando después,Anotar decisiones o acuerdos,Entre 1 y 2 minutos,Ninguno,No,En la misma herramienta externa; En el chat o las notas de la reunión de Teams,La usé alguna vez y dejé de usarla,No sabía que existía,La uso en algunas reuniones,La usé alguna vez y dejé de usarla,,,Argentina,No,2 o 3,Sí,"Agustín Ledesma, agustin.ledesma@example.com"
R-181,panel,2026-09-24 17:04,255,completa,Sí,Soy empleado o empleada de la empresa,Tecnología o software,3 o más,En todas,"Un dashboard (Grafana, Power BI, Looker u otro)",Pegué (o alguien pegó) un enlace en el chat de la reunión,Ya existía antes de la reunión y se siguió usando después,Editar un documento entre varios; Revisar datos o métricas y señalar algo puntual; Anotar decisiones o acuerdos,Entre 1 y 2 minutos,Ninguno,"Sí, 2 o más",En un correo; En la misma herramienta externa,"Sé que existe, nunca la usé en una reunión",La uso en algunas reuniones,La uso en algunas reuniones,La uso en algunas reuniones,"No hay problema real, funcionamos bien",,Colombia,No,2 o 3,No,
R-182,email,2026-09-24 17:09,123,parcial,Sí,Soy empleado o empleada de la empresa,,,En más de la mitad,Slido o Mentimeter,Pegué (o alguien pegó) un enlace en el chat de la reunión,Se creó para esa reunión y se siguió usando después,Agrupar u ordenar ideas; Editar un documento entre varios; Aportar ideas o notas,Entre 5 y 9 minutos,4 o más,"Sí, 1",,,,,,,,,,,,
R-183,panel,2026-09-24 17:10,316,completa,Sí,Soy empleado o empleada de la empresa,Tecnología o software,3 o más,En más de la mitad,"Google Docs, Sheets o Slides; Jira u otro gestor de tareas",Pegué (o alguien pegó) un enlace en el chat de la reunión,Ya existía antes de la reunión y se siguió usando después,Editar un documento entre varios; Revisar datos o métricas y señalar algo puntual,Menos de 1 minuto,Ninguno,No,"En un chat fuera de Teams (Slack, WhatsApp u otro); En Jira u otro gestor de tareas",No sabía que existía,"Sé que existe, nunca la usé en una reunión",La uso en algunas reuniones,"Sé que existe, nunca la usé en una reunión","Que la gente de otros paises tenga acceso a las mismas herramientas, no todas las filiales tienen las mismas licencias",,Perú,No,2 o 3,No,
R-184,panel,2026-09-24 17:12,295,completa,Sí,Soy empleado o empleada de la empresa,Tecnología o software,3 o más,En menos de la mitad,FigJam; Otra: Trello,Pegué (o alguien pegó) un enlace en el chat de la reunión,Se creó para esa reunión y no se volvió a usar,Dibujar un diagrama o flujo; Aportar ideas o notas; Agrupar u ordenar ideas,Entre 5 y 9 minutos,Ninguno,"Sí, 2 o más",No quedó registrado en ningún lado,No sabía que existía,"Sé que existe, nunca la usé en una reunión",La uso en la mayoría de mis reuniones,La uso en algunas reuniones,,,Estados Unidos,No,2 o 3,No,
R-185,email,2026-09-24 17:16,248,completa,Sí,Soy empleado o empleada de la empresa,,,En más de la mitad,"Un dashboard (Grafana, Power BI, Looker u otro)",Compartí mi pantalla y cada uno la abrió por su cuenta,Ya existía antes de la reunión y se siguió usando después,Revisar datos o métricas y señalar algo puntual; Actualizar tareas o tickets; Aportar ideas o notas,Entre 3 y 4 minutos,1,No,En la misma herramienta externa,No sabía que existía,La usé alguna vez y dejé de usarla,La usé alguna vez y dejé de usarla,"Sé que existe, nunca la usé en una reunión",,,Chile,No,4 o más,No,
R-186,panel,2026-09-24 17:17,331,completa,Sí,Soy empleado o empleada de la empresa,Tecnología o software,3 o más,En aproximadamente la mitad,"Notion; Un dashboard (Grafana, Power BI, Looker u otro)",Ya la tenían abierta antes de la reunión,Ya existía antes de la reunión y no se volvió a usar,Editar un documento entre varios; Votar o priorizar; Actualizar tareas o tickets; Anotar decisiones o acuerdos,Entre 5 y 9 minutos,4 o más,"Sí, 2 o más",En Jira u otro gestor de tareas,"Sé que existe, nunca la usé en una reunión",No sabía que existía,No sabía que existía,La usé alguna vez y dejé de usarla,,,España,No,4 o más,No,
R-187,email,2026-09-24 17:17,220,completa,Sí,Soy empleado o empleada de la empresa,,,En menos de la mitad,"Google Docs, Sheets o Slides",Ya la tenían abierta antes de la reunión,No lo sé,Dibujar un diagrama o flujo; Aportar ideas o notas,Entre 1 y 2 minutos,Ninguno,No,"En Jira u otro gestor de tareas; Otro: En Loop, en una página aparte",La usé alguna vez y dejé de usarla,La uso en algunas reuniones,"Sé que existe, nunca la usé en una reunión",La usé alguna vez y dejé de usarla,,,Argentina,No,4 o más,No,
R-188,panel,2026-09-24 17:19,65,descalificada,Sí,"Soy contratista, consultor o proveedor externo",,,,,,,,,,,,,,,,,,,,,,
R-189,email,2026-09-24 17:27,239,completa,Sí,Soy empleado o empleada de la empresa,,,En aproximadamente la mitad,Confluence; Jira u otro gestor de tareas,Pegué (o alguien pegó) un enlace en el chat de la reunión,No lo sé,Editar un documento entre varios; Actualizar tareas o tickets; Votar o priorizar,Entre 5 y 9 minutos,Ninguno,"Sí, 1",En un correo,La usé alguna vez y dejé de usarla,"Sé que existe, nunca la usé en una reunión",No sabía que existía,"Sé que existe, nunca la usé en una reunión",,,Argentina,No,2 o 3,No,
R-190,email,2026-09-24 17:28,211,completa,Sí,Soy empleado o empleada de la empresa,,,En menos de la mitad,"Google Docs, Sheets o Slides",Pegué (o alguien pegó) un enlace en el chat de la reunión,Se creó para esa reunión y no se volvió a usar,Agrupar u ordenar ideas,Entre 1 y 2 minutos,Ninguno,No,"En el chat o las notas de la reunión de Teams; En Jira u otro gestor de tareas; En un chat fuera de Teams (Slack, WhatsApp u otro)",La usé alguna vez y dejé de usarla,La uso en la mayoría de mis reuniones,La usé alguna vez y dejé de usarla,La uso en algunas reuniones,"Aqui compliance no nos deja meter datos de clientes en Miro, asi que o lo hacemos en Teams o no se hace. Y en Teams cuesta",,España,No,2 o 3,No,
R-191,panel,2026-09-24 17:29,191,completa,Sí,Soy empleado o empleada de la empresa,Tecnología o software,3 o más,En aproximadamente la mitad,Miro,Pegué (o alguien pegó) un enlace en el chat de la reunión,Se creó para esa reunión y se siguió usando después,Anotar decisiones o acuerdos; Editar un documento entre varios; Agrupar u ordenar ideas; Dibujar un diagrama o flujo,Entre 3 y 4 minutos,1,No,En un correo,La uso en algunas reuniones,La uso en la mayoría de mis reuniones,No sabía que existía,La uso en algunas reuniones,,,Perú,No,2 o 3,No,
R-192,email,2026-09-24 17:32,362,completa,Sí,Soy empleado o empleada de la empresa,,,En más de la mitad,"Google Docs, Sheets o Slides",Pegué (o alguien pegó) un enlace en el chat de la reunión,Se creó para esa reunión y no se volvió a usar,Editar un documento entre varios; Dibujar un diagrama o flujo; Agrupar u ordenar ideas,Entre 5 y 9 minutos,Ninguno,No,No se tomaron decisiones,La uso en algunas reuniones,La uso en algunas reuniones,La usé alguna vez y dejé de usarla,La uso en algunas reuniones,Que la gente callada participe. Los mas seniors dominan y los juniors no dicen nada aunque tengan buenas ideas,,Estados Unidos,No,2 o 3,No,
R-193,email,2026-09-24 17:32,273,completa,Sí,Soy empleado o empleada de la empresa,,,En todas,Miro; Notion; Slido o Mentimeter,Pegué (o alguien pegó) un enlace en el chat de la reunión,No lo sé,Editar un documento entre varios; Aportar ideas o notas; Otro: Revisar el presupuesto,Entre 3 y 4 minutos,1,No,En un correo,La usé alguna vez y dejé de usarla,"Sé que existe, nunca la usé en una reunión","Sé que existe, nunca la usé en una reunión",No sabía que existía,,,Chile,No,2 o 3,No,
R-194,panel,2026-09-24 17:32,178,completa,Sí,Soy empleado o empleada de la empresa,Tecnología o software,3 o más,En todas,"Google Docs, Sheets o Slides; Jira u otro gestor de tareas",Ya la tenían abierta antes de la reunión,Ya existía antes de la reunión y se siguió usando después,Votar o priorizar,Entre 1 y 2 minutos,1,No,En un documento de actas,La usé alguna vez y dejé de usarla,No sabía que existía,No sabía que existía,"Sé que existe, nunca la usé en una reunión",,,Chile,No,2 o 3,Sí,
R-195,panel,2026-09-24 17:33,91,completa,Sí,Soy empleado o empleada de la empresa,Tecnología o software,3 o más,En más de la mitad,"Google Docs, Sheets o Slides",Pegué (o alguien pegó) un enlace en el chat de la reunión,Ya existía antes de la reunión y se siguió usando después,Votar o priorizar; Revisar datos o métricas y señalar algo puntual,Entre 3 y 4 minutos,Ninguno,"Sí, 1",En el chat o las notas de la reunión de Teams; Otro: En un comentario del documento,"Sé que existe, nunca la usé en una reunión",No sabía que existía,No sabía que existía,"Sé que existe, nunca la usé en una reunión",,,Argentina,No,4 o más,No,
R-196,panel,2026-09-24 17:33,108,completa,Sí,Soy empleado o empleada de la empresa,Tecnología o software,3 o más,En ninguna,,,,,,,,,La usé alguna vez y dejé de usarla,"Sé que existe, nunca la usé en una reunión",No sabía que existía,"Sé que existe, nunca la usé en una reunión","Demasiadas reuniones, no hay tiempo para trabajar",Hablando. Si hay que votar levantan la mano,México,No,4 o más,Sí,"Ricardo Salinas, ricardo.salinas@example.com"
R-197,panel,2026-09-24 17:34,379,completa,Sí,Soy empleado o empleada de la empresa,Tecnología o software,3 o más,En más de la mitad,"Google Docs, Sheets o Slides; Confluence; Jira u otro gestor de tareas",Pegué (o alguien pegó) un enlace en el chat de la reunión,Ya existía antes de la reunión y no se volvió a usar,Votar o priorizar; Actualizar tareas o tickets,Entre 5 y 9 minutos,2 o 3,"Sí, 2 o más",En Jira u otro gestor de tareas; Otro: En el resumen que armo yo con Copilot después,La uso en algunas reuniones,No sabía que existía,La uso en algunas reuniones,"Sé que existe, nunca la usé en una reunión",,,Otro: Costa Rica,No,4 o más,No,
R-198,panel,2026-09-24 17:37,302,completa,Sí,Soy empleado o empleada de la empresa,Tecnología o software,3 o más,En aproximadamente la mitad,"Google Docs, Sheets o Slides; Un dashboard (Grafana, Power BI, Looker u otro)",La abrí como app dentro de la reunión de Teams,Se creó para esa reunión y se siguió usando después,Votar o priorizar; Actualizar tareas o tickets; Revisar datos o métricas y señalar algo puntual,No lo sé,4 o más,No,En el chat o las notas de la reunión de Teams,La usé alguna vez y dejé de usarla,La uso en la mayoría de mis reuniones,La uso en algunas reuniones,La uso en algunas reuniones,compartir el tablero con gente que no es de la empresa,,México,No,0 o 1,Sí,"Óscar Bravo, oscar.bravo@example.com"
R-199,panel,2026-09-24 17:38,170,completa,Sí,Soy empleado o empleada de la empresa,Tecnología o software,3 o más,En menos de la mitad,Slido o Mentimeter,Ya la tenían abierta antes de la reunión,Ya existía antes de la reunión y se siguió usando después,Agrupar u ordenar ideas,Menos de 1 minuto,1,No,No se tomaron decisiones,"Sé que existe, nunca la usé en una reunión",La usé alguna vez y dejé de usarla,La uso en algunas reuniones,La uso en algunas reuniones,"Probé la pizarra de Teams y es lenta con más de 8 personas, se traba cuando todos escriben a la vez",,México,No,2 o 3,No,
R-200,panel,2026-09-24 17:38,34,descalificada,No,,,,,,,,,,,,,,,,,,,,,,,
R-201,panel,2026-09-24 17:38,250,completa,Sí,Soy empleado o empleada de la empresa,Tecnología o software,3 o más,En más de la mitad,"Google Docs, Sheets o Slides; Jira u otro gestor de tareas; Otra: Canva",Ya la tenían abierta antes de la reunión,Ya existía antes de la reunión y se siguió usando después,Actualizar tareas o tickets; Anotar decisiones o acuerdos; Editar un documento entre varios; Revisar datos o métricas y señalar algo puntual; Otro: Planning poker,Entre 3 y 4 minutos,Ninguno,No,"En un documento de actas; Otro: En la transcripción de la reunión, la pasamos por ChatGPT",La usé alguna vez y dejé de usarla,La usé alguna vez y dejé de usarla,La uso en algunas reuniones,No sabía que existía,,,Estados Unidos,No,2 o 3,Sí,"Gabriela Mendoza, gabriela.mendoza@example.com"
R-202,panel,2026-09-24 17:43,129,completa,Sí,Soy empleado o empleada de la empresa,Tecnología o software,3 o más,En ninguna,,,,,,,,,La uso en algunas reuniones,"Sé que existe, nunca la usé en una reunión",La usé alguna vez y dejé de usarla,"Sé que existe, nunca la usé en una reunión",,,México,No,2 o 3,No,
R-203,panel,2026-09-24 17:43,109,parcial,Sí,Soy empleado o empleada de la empresa,Tecnología o software,3 o más,En más de la mitad,"Un dashboard (Grafana, Power BI, Looker u otro)",Otro: Les mandé el link por mail antes,Ya existía antes de la reunión y se siguió usando después,,,,,,,,,,,,,,,,
R-204,panel,2026-09-24 17:45,200,completa,Sí,Soy empleado o empleada de la empresa,Tecnología o software,3 o más,En todas,"Google Docs, Sheets o Slides",Pegué (o alguien pegó) un enlace en el chat de la reunión,Se creó para esa reunión y no se volvió a usar,Agrupar u ordenar ideas; Votar o priorizar,Entre 3 y 4 minutos,Ninguno,"Sí, 1",No quedó registrado en ningún lado,"Sé que existe, nunca la usé en una reunión",La uso en algunas reuniones,No sabía que existía,La usé alguna vez y dejé de usarla,,,Colombia,No,2 o 3,Sí,noelia.ferrer@example.com
R-205,panel,2026-09-24 17:47,75,completa,Sí,Soy empleado o empleada de la empresa,Tecnología o software,3 o más,En menos de la mitad,Mural,Compartí mi pantalla y cada uno la abrió por su cuenta,Se creó para esa reunión y se siguió usando después,Agrupar u ordenar ideas; Votar o priorizar,Entre 5 y 9 minutos,4 o más,"Sí, 2 o más",En un correo,La usé alguna vez y dejé de usarla,No sabía que existía,"Sé que existe, nunca la usé en una reunión",La uso en la mayoría de mis reuniones,El SSO de la herramienta externa falla cada tanto y no hay forma de saber quien quedo afuera,,Argentina,No,2 o 3,Sí,fernando.quiroga@example.com
R-206,panel,2026-09-24 17:51,27,descalificada,Sí,Soy empleado o empleada de la empresa,Otro,,,,,,,,,,,,,,,,,,,,,
R-207,email,2026-09-24 17:52,114,completa,Sí,Soy empleado o empleada de la empresa,,,En ninguna,,,,,,,,,La usé alguna vez y dejé de usarla,No sabía que existía,"Sé que existe, nunca la usé en una reunión",La uso en algunas reuniones,"Que quede registro del POR QUÉ decidimos algo. El qué queda en Jira, el por qué se pierde","No hace falta, son reuniones de seguimiento, las decisiones se toman en reuniones más chicas",Estados Unidos,No,2 o 3,No,
R-208,email,2026-09-24 17:53,198,completa,Sí,Soy empleado o empleada de la empresa,,,En menos de la mitad,FigJam; Lucidspark,Ya la tenían abierta antes de la reunión,Se creó para esa reunión y se siguió usando después,Aportar ideas o notas; Votar o priorizar,Menos de 1 minuto,Ninguno,No,"En un chat fuera de Teams (Slack, WhatsApp u otro); Otro: En el resumen de IA. Lo importante quedó al final","Sé que existe, nunca la usé en una reunión","Sé que existe, nunca la usé en una reunión",La uso en la mayoría de mis reuniones,"Sé que existe, nunca la usé en una reunión",,,Argentina,No,4 o más,No,
R-209,panel,2026-09-24 17:59,27,descalificada,Sí,Soy empleado o empleada de la empresa,Servicios financieros,,,,,,,,,,,,,,,,,,,,,
R-210,email,2026-09-24 17:59,168,completa,Sí,Soy empleado o empleada de la empresa,,,En todas,Jira u otro gestor de tareas,Pegué (o alguien pegó) un enlace en el chat de la reunión,Ya existía antes de la reunión y se siguió usando después,Revisar datos o métricas y señalar algo puntual; Editar un documento entre varios,Entre 1 y 2 minutos,Ninguno,No,No quedó registrado en ningún lado,"Sé que existe, nunca la usé en una reunión",No sabía que existía,No sabía que existía,"Sé que existe, nunca la usé en una reunión",que no se reabra en la reunion siguiente lo que ya se decidio,,España,No,4 o más,No,
R-211,panel,2026-09-24 17:59,195,completa,Sí,Soy empleado o empleada de la empresa,Tecnología o software,3 o más,En menos de la mitad,"Jira u otro gestor de tareas; Un dashboard (Grafana, Power BI, Looker u otro)",Compartí mi pantalla y cada uno la abrió por su cuenta,Ya existía antes de la reunión y se siguió usando después,Revisar datos o métricas y señalar algo puntual; Editar un documento entre varios; Actualizar tareas o tickets,Menos de 1 minuto,1,No,"En el chat o las notas de la reunión de Teams; En un chat fuera de Teams (Slack, WhatsApp u otro); Otro: En el recap automático, pero después lo tuve que corregir",La usé alguna vez y dejé de usarla,No sabía que existía,"Sé que existe, nunca la usé en una reunión",La uso en la mayoría de mis reuniones,,,México,No,0 o 1,No,
R-212,email,2026-09-24 18:01,265,completa,Sí,Soy empleado o empleada de la empresa,,,En aproximadamente la mitad,"Slido o Mentimeter; Google Docs, Sheets o Slides; FigJam",Pegué (o alguien pegó) un enlace en el chat de la reunión,Se creó para esa reunión y se siguió usando después,Anotar decisiones o acuerdos; Otro: Revisar incidentes,10 minutos o más,2 o 3,No,No quedó registrado en ningún lado,La usé alguna vez y dejé de usarla,La usé alguna vez y dejé de usarla,No sabía que existía,La uso en algunas reuniones,,,Estados Unidos,No,4 o más,No,
R-213,panel,2026-09-24 18:05,39,descalificada,Sí,Soy empleado o empleada de la empresa,Tecnología o software,No lo sé,,,,,,,,,,,,,,,,,,,,
R-214,panel,2026-09-24 18:11,45,descalificada,Sí,Soy empleado o empleada de la empresa,Tecnología o software,No lo sé,,,,,,,,,,,,,,,,,,,,
R-215,email,2026-09-24 18:11,100,completa,Sí,Soy empleado o empleada de la empresa,,,En menos de la mitad,Jira u otro gestor de tareas,Ya la tenían abierta antes de la reunión,Ya existía antes de la reunión y se siguió usando después,Actualizar tareas o tickets; Revisar datos o métricas y señalar algo puntual; Votar o priorizar; Anotar decisiones o acuerdos,Entre 1 y 2 minutos,Ninguno,No,No quedó registrado en ningún lado,La uso en algunas reuniones,"Sé que existe, nunca la usé en una reunión",No sabía que existía,"Sé que existe, nunca la usé en una reunión",,,España,No,0 o 1,No,
R-216,email,2026-09-24 18:14,264,completa,Sí,Soy empleado o empleada de la empresa,,,En ninguna,,,,,,,,,La usé alguna vez y dejé de usarla,"Sé que existe, nunca la usé en una reunión",La uso en algunas reuniones,"Sé que existe, nunca la usé en una reunión",,"Usamos las notas de la reunión de Teams, las abro al principio y las vamos llenando",México,No,2 o 3,No,
R-217,panel,2026-09-24 18:14,104,completa,Sí,Soy empleado o empleada de la empresa,Tecnología o software,3 o más,En todas,"Jira u otro gestor de tareas; Google Docs, Sheets o Slides",Ya la tenían abierta antes de la reunión,Ya existía antes de la reunión y no se volvió a usar,Revisar datos o métricas y señalar algo puntual; Editar un documento entre varios; Votar o priorizar,Menos de 1 minuto,Ninguno,"Sí, 2 o más","En un chat fuera de Teams (Slack, WhatsApp u otro); En la misma herramienta externa; En un correo","Sé que existe, nunca la usé en una reunión",No sabía que existía,No sabía que existía,"Sé que existe, nunca la usé en una reunión",,,España,Sí,0 o 1,Sí,
R-218,email,2026-09-24 18:15,344,completa,Sí,Soy empleado o empleada de la empresa,,,En más de la mitad,Miro; Mural; Otra: Retrotool,Pegué (o alguien pegó) un enlace en el chat de la reunión,Se creó para esa reunión y no se volvió a usar,Agrupar u ordenar ideas; Votar o priorizar,Entre 3 y 4 minutos,1,No,No quedó registrado en ningún lado,"Sé que existe, nunca la usé en una reunión",No sabía que existía,"Sé que existe, nunca la usé en una reunión","Sé que existe, nunca la usé en una reunión",Si usamos la pizarra nativa despues nadie la encuentra. En Miro por lo menos el tablero tiene un link fijo,,Argentina,No,4 o más,No,
R-219,email,2026-09-24 18:17,117,completa,Sí,Soy empleado o empleada de la empresa,,,En aproximadamente la mitad,Jira u otro gestor de tareas,Compartí mi pantalla y cada uno la abrió por su cuenta,No lo sé,Votar o priorizar; Actualizar tareas o tickets; Editar un documento entre varios,Entre 5 y 9 minutos,1,"Sí, 2 o más",En el chat o las notas de la reunión de Teams,La usé alguna vez y dejé de usarla,No sabía que existía,La uso en algunas reuniones,La usé alguna vez y dejé de usarla,,,Perú,No,4 o más,No,
R-220,panel,2026-09-24 18:21,230,completa,Sí,Soy empleado o empleada de la empresa,Tecnología o software,3 o más,En más de la mitad,"Google Docs, Sheets o Slides",Compartí mi pantalla y cada uno la abrió por su cuenta,Ya existía antes de la reunión y se siguió usando después,Anotar decisiones o acuerdos,Entre 5 y 9 minutos,1,"Sí, 1",En el chat o las notas de la reunión de Teams,La usé alguna vez y dejé de usarla,No sabía que existía,"Sé que existe, nunca la usé en una reunión",La uso en la mayoría de mis reuniones,,,Perú,No,4 o más,No,
R-221,panel,2026-09-24 18:26,27,descalificada,Sí,Soy empleado o empleada de la empresa,Manufactura,,,,,,,,,,,,,,,,,,,,,
R-222,panel,2026-09-24 18:28,53,descalificada,Sí,Soy empleado o empleada de la empresa,Tecnología o software,No lo sé,,,,,,,,,,,,,,,,,,,,
R-223,panel,2026-09-24 18:30,263,completa,Sí,Soy empleado o empleada de la empresa,Tecnología o software,3 o más,En más de la mitad,"Confluence; Un dashboard (Grafana, Power BI, Looker u otro)",Pegué (o alguien pegó) un enlace en el chat de la reunión,Ya existía antes de la reunión y se siguió usando después,Revisar datos o métricas y señalar algo puntual; Editar un documento entre varios,Entre 3 y 4 minutos,1,No,En la misma herramienta externa,La usé alguna vez y dejé de usarla,No sabía que existía,La uso en algunas reuniones,"Sé que existe, nunca la usé en una reunión",,,México,No,4 o más,No,
R-224,panel,2026-09-24 18:30,350,completa,Sí,Soy empleado o empleada de la empresa,Tecnología o software,3 o más,En más de la mitad,"Jira u otro gestor de tareas; Un dashboard (Grafana, Power BI, Looker u otro)",Ya la tenían abierta antes de la reunión,Ya existía antes de la reunión y se siguió usando después,Revisar datos o métricas y señalar algo puntual; Actualizar tareas o tickets; Votar o priorizar,Menos de 1 minuto,Ninguno,No,"En Jira u otro gestor de tareas; En un chat fuera de Teams (Slack, WhatsApp u otro)","Sé que existe, nunca la usé en una reunión",No sabía que existía,"Sé que existe, nunca la usé en una reunión",La usé alguna vez y dejé de usarla,"Que quede registro del por qué decidimos algo. El qué queda en Jira, el por qué se pierde en un hilo",,Chile,No,4 o más,Sí,"Martina Rojas, martina.rojas@example.com"
R-225,panel,2026-09-24 18:35,314,completa,Sí,Soy empleado o empleada de la empresa,Tecnología o software,3 o más,En aproximadamente la mitad,"Notion; Jira u otro gestor de tareas; Google Docs, Sheets o Slides",Pegué (o alguien pegó) un enlace en el chat de la reunión,Ya existía antes de la reunión y se siguió usando después,Votar o priorizar; Editar un documento entre varios; Revisar datos o métricas y señalar algo puntual; Actualizar tareas o tickets,Entre 1 y 2 minutos,Ninguno,No,En un correo,La usé alguna vez y dejé de usarla,No sabía que existía,No sabía que existía,La uso en la mayoría de mis reuniones,Las decisiones terminan en un hilo de Slack que despues nadie encuentra,,Chile,No,4 o más,No,
R-226,panel,2026-09-24 18:42,255,completa,Sí,Soy empleado o empleada de la empresa,Tecnología o software,3 o más,En menos de la mitad,"Un dashboard (Grafana, Power BI, Looker u otro)",Compartí mi pantalla y cada uno la abrió por su cuenta,Ya existía antes de la reunión y se siguió usando después,Actualizar tareas o tickets,Menos de 1 minuto,Ninguno,No,En un correo,La usé alguna vez y dejé de usarla,"Sé que existe, nunca la usé en una reunión",La uso en algunas reuniones,"Sé que existe, nunca la usé en una reunión",,,Argentina,No,2 o 3,No,
R-227,panel,2026-09-24 18:45,173,completa,Sí,Soy empleado o empleada de la empresa,Tecnología o software,3 o más,En aproximadamente la mitad,"Un dashboard (Grafana, Power BI, Looker u otro)",Compartí mi pantalla y cada uno la abrió por su cuenta,Ya existía antes de la reunión y se siguió usando después,Anotar decisiones o acuerdos,Entre 5 y 9 minutos,Ninguno,"Sí, 2 o más",En Jira u otro gestor de tareas,"Sé que existe, nunca la usé en una reunión",No sabía que existía,No sabía que existía,No sabía que existía,,,Argentina,No,2 o 3,Sí,
R-228,panel,2026-09-24 18:49,267,completa,Sí,Soy empleado o empleada de la empresa,Tecnología o software,3 o más,En más de la mitad,Miro; Mural,Pegué (o alguien pegó) un enlace en el chat de la reunión,Ya existía antes de la reunión y se siguió usando después,Agrupar u ordenar ideas,Entre 5 y 9 minutos,2 o 3,"Sí, 2 o más",En un correo; En un documento de actas,La usé alguna vez y dejé de usarla,La uso en la mayoría de mis reuniones,No sabía que existía,La uso en algunas reuniones,"poner a todos de acuerdo con gente en 3 husos horarios, siempre hay alguien cansado o recién levantado",,Estados Unidos,No,2 o 3,Sí,"Pablo Domínguez, pablo.dominguez@example.com"
R-229,panel,2026-09-24 18:50,106,completa,Sí,Soy empleado o empleada de la empresa,Tecnología o software,3 o más,En aproximadamente la mitad,"Un dashboard (Grafana, Power BI, Looker u otro)",Pegué (o alguien pegó) un enlace en el chat de la reunión,Ya existía antes de la reunión y se siguió usando después,Anotar decisiones o acuerdos; Revisar datos o métricas y señalar algo puntual,Entre 1 y 2 minutos,Ninguno,No,"En Jira u otro gestor de tareas; En un chat fuera de Teams (Slack, WhatsApp u otro); Otro: en la grabacion","Sé que existe, nunca la usé en una reunión",La uso en algunas reuniones,La uso en algunas reuniones,La uso en la mayoría de mis reuniones,"No aplica, mis reuniones grandes son informativas",,Colombia,No,4 o más,Sí,"Tatiana Rincón, tatiana.rincon@example.com"
R-230,panel,2026-09-24 18:58,207,completa,Sí,Soy empleado o empleada de la empresa,Tecnología o software,3 o más,En aproximadamente la mitad,"Confluence; Un dashboard (Grafana, Power BI, Looker u otro); Google Docs, Sheets o Slides",Pegué (o alguien pegó) un enlace en el chat de la reunión,Se creó para esa reunión y se siguió usando después,Revisar datos o métricas y señalar algo puntual; Anotar decisiones o acuerdos; Editar un documento entre varios; Actualizar tareas o tickets,Entre 1 y 2 minutos,Ninguno,No,"En un chat fuera de Teams (Slack, WhatsApp u otro)",La uso en algunas reuniones,No sabía que existía,La uso en la mayoría de mis reuniones,"Sé que existe, nunca la usé en una reunión",,,Perú,No,2 o 3,Sí,"Elena Prieto, elena.prieto@example.com"
R-231,panel,2026-09-25 08:03,283,completa,Sí,Soy empleado o empleada de la empresa,Tecnología o software,3 o más,En más de la mitad,Miro,Compartí mi pantalla y cada uno la abrió por su cuenta,Se creó para esa reunión y se siguió usando después,Editar un documento entre varios; Agrupar u ordenar ideas,10 minutos o más,2 o 3,"Sí, 2 o más",En Jira u otro gestor de tareas; Otro: en el recap pero le faltaba quien hacia que,La usé alguna vez y dejé de usarla,"Sé que existe, nunca la usé en una reunión",La usé alguna vez y dejé de usarla,La usé alguna vez y dejé de usarla,,,España,No,4 o más,No,
R-232,panel,2026-09-25 08:21,339,completa,Sí,Soy empleado o empleada de la empresa,Tecnología o software,3 o más,En aproximadamente la mitad,Mural; Lucidspark; FigJam,Compartí mi pantalla y cada uno la abrió por su cuenta,Ya existía antes de la reunión y se siguió usando después,Agrupar u ordenar ideas,Entre 1 y 2 minutos,Ninguno,No,"En un chat fuera de Teams (Slack, WhatsApp u otro)",La uso en algunas reuniones,No sabía que existía,No sabía que existía,La uso en algunas reuniones,,,México,No,4 o más,No,
R-233,panel,2026-09-25 08:22,107,completa,Sí,Soy empleado o empleada de la empresa,Tecnología o software,3 o más,En aproximadamente la mitad,Confluence,Ya la tenían abierta antes de la reunión,Ya existía antes de la reunión y se siguió usando después,Votar o priorizar; Anotar decisiones o acuerdos; Actualizar tareas o tickets; Revisar datos o métricas y señalar algo puntual,Menos de 1 minuto,Ninguno,No,No quedó registrado en ningún lado,"Sé que existe, nunca la usé en una reunión","Sé que existe, nunca la usé en una reunión",No sabía que existía,La usé alguna vez y dejé de usarla,,,México,No,4 o más,No,
R-234,panel,2026-09-25 08:30,189,completa,Sí,Soy empleado o empleada de la empresa,Tecnología o software,3 o más,En menos de la mitad,"Google Docs, Sheets o Slides; Jira u otro gestor de tareas",Pegué (o alguien pegó) un enlace en el chat de la reunión,Ya existía antes de la reunión y se siguió usando después,Editar un documento entre varios; Actualizar tareas o tickets; Anotar decisiones o acuerdos,Menos de 1 minuto,Ninguno,No,"En un chat fuera de Teams (Slack, WhatsApp u otro)",La usé alguna vez y dejé de usarla,No sabía que existía,La uso en algunas reuniones,La uso en algunas reuniones,Que todos opinen sin que sea un caos. Con más de 8 personas se pisan,,Chile,No,4 o más,Sí,martin.espinoza@example.com
R-235,panel,2026-09-25 08:41,390,completa,Sí,Soy empleado o empleada de la empresa,Tecnología o software,3 o más,En todas,Jira u otro gestor de tareas; Notion,Pegué (o alguien pegó) un enlace en el chat de la reunión,Ya existía antes de la reunión y se siguió usando después,Actualizar tareas o tickets; Editar un documento entre varios,Entre 1 y 2 minutos,Ninguno,No,No quedó registrado en ningún lado,No sabía que existía,"Sé que existe, nunca la usé en una reunión","Sé que existe, nunca la usé en una reunión","Sé que existe, nunca la usé en una reunión","La dinámica, el facilitador soy yo y a la vez tengo que opinar, es difícil hacer las dos cosas",,Colombia,No,2 o 3,Sí,Felipe felipe.acosta@example.com
R-236,panel,2026-09-25 08:47,241,completa,Sí,Soy empleado o empleada de la empresa,Tecnología o software,3 o más,En más de la mitad,Miro; Mural,La abrí como app dentro de la reunión de Teams,Se creó para esa reunión y no se volvió a usar,Anotar decisiones o acuerdos,Entre 5 y 9 minutos,2 o 3,No,"En un chat fuera de Teams (Slack, WhatsApp u otro)",La usé alguna vez y dejé de usarla,La usé alguna vez y dejé de usarla,La usé alguna vez y dejé de usarla,La usé alguna vez y dejé de usarla,,,México,No,4 o más,No,
R-237,panel,2026-09-25 08:52,245,completa,Sí,Soy empleado o empleada de la empresa,Tecnología o software,3 o más,En más de la mitad,"Google Docs, Sheets o Slides; Slido o Mentimeter",La abrí como app dentro de la reunión de Teams,Se creó para esa reunión y se siguió usando después,Agrupar u ordenar ideas; Aportar ideas o notas; Votar o priorizar; Editar un documento entre varios; Otro: Planning poker,Menos de 1 minuto,Ninguno,No,"En un chat fuera de Teams (Slack, WhatsApp u otro)","Sé que existe, nunca la usé en una reunión",La uso en la mayoría de mis reuniones,La usé alguna vez y dejé de usarla,La uso en la mayoría de mis reuniones,,,España,No,4 o más,No,
R-238,panel,2026-09-25 08:58,233,completa,Sí,Soy empleado o empleada de la empresa,Tecnología o software,3 o más,En más de la mitad,Jira u otro gestor de tareas,Compartí mi pantalla y cada uno la abrió por su cuenta,Ya existía antes de la reunión y se siguió usando después,Revisar datos o métricas y señalar algo puntual,Entre 3 y 4 minutos,1,No,No quedó registrado en ningún lado,"Sé que existe, nunca la usé en una reunión",La usé alguna vez y dejé de usarla,"Sé que existe, nunca la usé en una reunión",La usé alguna vez y dejé de usarla,,,Estados Unidos,No,4 o más,Sí,"Micaela Correa, micaela.correa@example.com"
R-239,panel,2026-09-25 09:02,272,completa,Sí,Soy empleado o empleada de la empresa,Tecnología o software,3 o más,En más de la mitad,Mural,Pegué (o alguien pegó) un enlace en el chat de la reunión,Se creó para esa reunión y se siguió usando después,Aportar ideas o notas; Votar o priorizar,Menos de 1 minuto,Ninguno,No,No quedó registrado en ningún lado,La uso en algunas reuniones,La uso en algunas reuniones,La uso en la mayoría de mis reuniones,No sabía que existía,"El whiteboard no deja ordenar ni votar, es una hoja en blanco y ya",,Chile,No,2 o 3,No,
R-240,panel,2026-09-25 09:08,272,completa,Sí,Soy empleado o empleada de la empresa,Tecnología o software,3 o más,En aproximadamente la mitad,"Google Docs, Sheets o Slides",Pegué (o alguien pegó) un enlace en el chat de la reunión,Ya existía antes de la reunión y se siguió usando después,Revisar datos o métricas y señalar algo puntual,Menos de 1 minuto,1,No,"En un chat fuera de Teams (Slack, WhatsApp u otro)",La usé alguna vez y dejé de usarla,La uso en la mayoría de mis reuniones,No sabía que existía,La uso en algunas reuniones,,,Estados Unidos,No,2 o 3,Sí,"Constanza Lagos, constanza.lagos@example.com"
R-241,panel,2026-09-25 09:10,211,completa,Sí,Soy empleado o empleada de la empresa,Tecnología o software,3 o más,En aproximadamente la mitad,"Google Docs, Sheets o Slides",Pegué (o alguien pegó) un enlace en el chat de la reunión,Ya existía antes de la reunión y se siguió usando después,Anotar decisiones o acuerdos; Aportar ideas o notas,Entre 3 y 4 minutos,Ninguno,No,"En un chat fuera de Teams (Slack, WhatsApp u otro); En Jira u otro gestor de tareas",La usé alguna vez y dejé de usarla,No sabía que existía,No sabía que existía,"Sé que existe, nunca la usé en una reunión",,,Argentina,No,0 o 1,No,
R-242,panel,2026-09-25 09:10,152,completa,Sí,Soy empleado o empleada de la empresa,Tecnología o software,3 o más,En ninguna,,,,,,,,,"Sé que existe, nunca la usé en una reunión",La uso en la mayoría de mis reuniones,No sabía que existía,La uso en algunas reuniones,El audio. Siempre alguien con eco o que se corta,,México,No,4 o más,Sí,"Rocío Figueroa, rocio.figueroa@example.com"
R-243,panel,2026-09-25 09:12,233,completa,Sí,Soy empleado o empleada de la empresa,Tecnología o software,3 o más,En menos de la mitad,Slido o Mentimeter; FigJam,Ya la tenían abierta antes de la reunión,Se creó para esa reunión y se siguió usando después,Aportar ideas o notas; Votar o priorizar,Entre 5 y 9 minutos,2 o 3,No,"En un chat fuera de Teams (Slack, WhatsApp u otro); En la misma herramienta externa",La usé alguna vez y dejé de usarla,No sabía que existía,No sabía que existía,La usé alguna vez y dejé de usarla,,,Perú,Sí,2 o 3,Sí,
R-244,panel,2026-09-25 09:16,117,completa,Sí,Soy empleado o empleada de la empresa,Tecnología o software,3 o más,En aproximadamente la mitad,"Jira u otro gestor de tareas; Un dashboard (Grafana, Power BI, Looker u otro); Google Docs, Sheets o Slides",Pegué (o alguien pegó) un enlace en el chat de la reunión,Ya existía antes de la reunión y se siguió usando después,Votar o priorizar; Revisar datos o métricas y señalar algo puntual,Entre 5 y 9 minutos,2 o 3,"Sí, 2 o más",No quedó registrado en ningún lado,La uso en algunas reuniones,"Sé que existe, nunca la usé en una reunión","Sé que existe, nunca la usé en una reunión",La usé alguna vez y dejé de usarla,Los permisos del Miro. Siempre hay alguien que no puede editar y pierde los primeros 10 minutos,,Perú,No,2 o 3,Sí,"Gonzalo Reyes, gonzalo.reyes@example.com"
R-245,panel,2026-09-25 09:20,246,completa,Sí,Soy empleado o empleada de la empresa,Tecnología o software,3 o más,En aproximadamente la mitad,Miro; Slido o Mentimeter; FigJam,Pegué (o alguien pegó) un enlace en el chat de la reunión,Se creó para esa reunión y no se volvió a usar,Aportar ideas o notas; Agrupar u ordenar ideas; Anotar decisiones o acuerdos,Entre 5 y 9 minutos,2 o 3,No,En el chat o las notas de la reunión de Teams,La usé alguna vez y dejé de usarla,La uso en algunas reuniones,La uso en la mayoría de mis reuniones,"Sé que existe, nunca la usé en una reunión",,,México,No,4 o más,Sí,
R-246,panel,2026-09-25 09:21,118,completa,Sí,Soy empleado o empleada de la empresa,Tecnología o software,3 o más,En más de la mitad,"Jira u otro gestor de tareas; Un dashboard (Grafana, Power BI, Looker u otro); Google Docs, Sheets o Slides",Compartí mi pantalla y cada uno la abrió por su cuenta,Se creó para esa reunión y se siguió usando después,Actualizar tareas o tickets; Votar o priorizar,Menos de 1 minuto,Ninguno,No,"En un chat fuera de Teams (Slack, WhatsApp u otro); En Jira u otro gestor de tareas","Sé que existe, nunca la usé en una reunión","Sé que existe, nunca la usé en una reunión",No sabía que existía,La uso en la mayoría de mis reuniones,,,Chile,No,4 o más,No,
R-247,panel,2026-09-25 09:25,83,completa,Sí,Soy empleado o empleada de la empresa,Tecnología o software,3 o más,En aproximadamente la mitad,"Un dashboard (Grafana, Power BI, Looker u otro); Confluence",Pegué (o alguien pegó) un enlace en el chat de la reunión,Ya existía antes de la reunión y se siguió usando después,Anotar decisiones o acuerdos; Aportar ideas o notas; Votar o priorizar; Otro: Revisar el presupuesto,Menos de 1 minuto,Ninguno,No,En Jira u otro gestor de tareas,La usé alguna vez y dejé de usarla,"Sé que existe, nunca la usé en una reunión","Sé que existe, nunca la usé en una reunión","Sé que existe, nunca la usé en una reunión",,,México,No,2 o 3,Sí,marcos.silva@example.com
R-248,panel,2026-09-25 09:29,235,completa,Sí,Soy empleado o empleada de la empresa,Tecnología o software,3 o más,En aproximadamente la mitad,Jira u otro gestor de tareas; Confluence,Pegué (o alguien pegó) un enlace en el chat de la reunión,Ya existía antes de la reunión y se siguió usando después,Revisar datos o métricas y señalar algo puntual; Actualizar tareas o tickets,Entre 3 y 4 minutos,2 o 3,No,En el chat o las notas de la reunión de Teams; En Jira u otro gestor de tareas,La usé alguna vez y dejé de usarla,"Sé que existe, nunca la usé en una reunión","Sé que existe, nunca la usé en una reunión",La uso en la mayoría de mis reuniones,,,Chile,No,2 o 3,No,
R-249,panel,2026-09-25 09:39,227,completa,Sí,Soy empleado o empleada de la empresa,Tecnología o software,3 o más,En más de la mitad,Confluence,Pegué (o alguien pegó) un enlace en el chat de la reunión,Ya existía antes de la reunión y se siguió usando después,Revisar datos o métricas y señalar algo puntual,Entre 3 y 4 minutos,1,"Sí, 2 o más",En un correo,"Sé que existe, nunca la usé en una reunión",La usé alguna vez y dejé de usarla,No sabía que existía,No sabía que existía,"Tenemos un tablero de Miro por trimestre y ahí va todo, es la única forma de no perder el hilo entre reuniones",,Perú,No,0 o 1,No,
